header.stamp.sec,header.stamp.nanosec,Time,header.frame_id,drive.steering_angle,drive.steering_angle_velocity,drive.speed,drive.acceleration,drive.jerk
0,0,1675815960.3566017,,-17.0,0.0,0.0,0.0,0.0
0,0,1675815960.457648,,-17.0,0.0,0.0,0.0,0.0
0,0,1675815960.557327,,-17.0,0.0,0.0,0.0,0.0
0,0,1675815960.6568236,,-17.0,0.0,0.0,0.0,0.0
0,0,1675815960.7566254,,-17.0,0.0,0.0,0.0,0.0
0,0,1675815960.857148,,-17.0,0.0,0.0,0.0,0.0
0,0,1675815960.957553,,-17.0,0.0,0.0,0.0,0.0
0,0,1675815961.056818,,-74.0,0.0,0.0,0.0,0.0
0,0,1675815961.157352,,-74.0,0.0,0.0,0.0,0.0
0,0,1675815961.257563,,-74.0,0.0,0.0,0.0,0.0
0,0,1675815961.357492,,-74.0,0.0,0.0,0.0,0.0
0,0,1675815961.4573805,,-74.0,0.0,0.0,0.0,0.0
0,0,1675815961.5573862,,-74.0,0.0,0.0,0.0,0.0
0,0,1675815961.6576521,,-74.0,0.0,0.0,0.0,0.0
0,0,1675815961.756956,,-74.0,0.0,0.0,0.0,0.0
0,0,1675815961.8576074,,-74.0,0.0,0.0,0.0,0.0
0,0,1675815961.9576437,,-74.0,0.0,0.0,0.0,0.0
0,0,1675815962.0578773,,-45.0,0.0,0.0,0.0,0.0
0,0,1675815962.157606,,-45.0,0.0,0.0,0.0,0.0
0,0,1675815962.257286,,-45.0,0.0,0.0,0.0,0.0
0,0,1675815962.3572564,,-45.0,0.0,0.0,0.0,0.0
0,0,1675815962.4572911,,-45.0,0.0,0.0,0.0,0.0
0,0,1675815962.557655,,-45.0,0.0,0.0,0.0,0.0
0,0,1675815962.6577091,,-45.0,0.0,0.0,0.0,0.0
0,0,1675815962.7573714,,-45.0,0.0,0.0,0.0,0.0
0,0,1675815962.8572776,,-45.0,0.0,0.0,0.0,0.0
0,0,1675815962.9573007,,-45.0,0.0,0.0,0.0,0.0
0,0,1675815963.057628,,16.0,0.0,0.0,0.0,0.0
0,0,1675815963.1574936,,16.0,0.0,0.0,0.0,0.0
0,0,1675815963.2572777,,16.0,0.0,0.0,0.0,0.0
0,0,1675815963.3573189,,16.0,0.0,0.0,0.0,0.0
0,0,1675815963.4572985,,16.0,0.0,0.0,0.0,0.0
0,0,1675815963.5563786,,16.0,0.0,0.0,0.0,0.0
0,0,1675815963.657337,,16.0,0.0,0.0,0.0,0.0
0,0,1675815963.7575963,,16.0,0.0,0.0,0.0,0.0
0,0,1675815963.8575675,,16.0,0.0,0.0,0.0,0.0
0,0,1675815963.9575737,,16.0,0.0,0.0,0.0,0.0
0,0,1675815964.05764,,74.0,0.0,0.0,0.0,0.0
0,0,1675815964.1572318,,74.0,0.0,0.0,0.0,0.0
0,0,1675815964.2573173,,74.0,0.0,0.0,0.0,0.0
0,0,1675815964.3573093,,74.0,0.0,0.0,0.0,0.0
0,0,1675815964.4572988,,74.0,0.0,0.0,0.0,0.0
0,0,1675815964.5575662,,74.0,0.0,0.0,0.0,0.0
0,0,1675815964.657341,,74.0,0.0,0.0,0.0,0.0
0,0,1675815964.7573538,,74.0,0.0,0.0,0.0,0.0
0,0,1675815964.8573263,,74.0,0.0,0.0,0.0,0.0
0,0,1675815964.957345,,74.0,0.0,0.0,0.0,0.0
0,0,1675815965.0575688,,0.0,0.0,0.0,0.0,0.0
0,0,1675815965.157262,,0.0,0.0,0.0,0.0,0.0
0,0,1675815965.257619,,0.0,0.0,0.0,0.0,0.0
0,0,1675815965.3574934,,0.0,0.0,0.0,0.0,0.0
0,0,1675815965.4574845,,0.0,0.0,0.0,0.0,0.0
0,0,1675815965.557538,,0.0,0.0,0.0,0.0,0.0
0,0,1675815965.657548,,0.0,0.0,0.0,0.0,0.0
0,0,1675815965.7573476,,0.0,0.0,0.0,0.0,0.0
0,0,1675815965.8576052,,0.0,0.0,0.0,0.0,0.0
0,0,1675815965.9575796,,0.0,0.0,0.0,0.0,0.0
0,0,1675815966.057789,,-35.0,0.0,0.0,0.0,0.0
0,0,1675815966.157339,,-35.0,0.0,0.0,0.0,0.0
0,0,1675815966.2573183,,-35.0,0.0,0.0,0.0,0.0
0,0,1675815966.3575938,,-35.0,0.0,0.0,0.0,0.0
0,0,1675815966.4575508,,-35.0,0.0,0.0,0.0,0.0
0,0,1675815966.5575724,,-35.0,0.0,0.0,0.0,0.0
0,0,1675815966.6575768,,-35.0,0.0,0.0,0.0,0.0
0,0,1675815966.7573051,,-35.0,0.0,0.0,0.0,0.0
0,0,1675815966.8573282,,-35.0,0.0,0.0,0.0,0.0
0,0,1675815966.9573147,,-35.0,0.0,0.0,0.0,0.0
0,0,1675815967.057516,,-35.0,0.0,0.0,0.0,0.0
0,0,1675815967.1573045,,-35.0,0.0,0.0,0.0,0.0
0,0,1675815967.257302,,-35.0,0.0,0.0,0.0,0.0
0,0,1675815967.3572953,,-35.0,0.0,0.0,0.0,0.0
0,0,1675815967.4573393,,-35.0,0.0,0.0,0.0,0.0
0,0,1675815967.557606,,-35.0,0.0,0.0,0.0,0.0
0,0,1675815967.6575873,,-35.0,0.0,0.0,0.0,0.0
0,0,1675815967.7572901,,-35.0,0.0,0.0,0.0,0.0
0,0,1675815967.857625,,-35.0,0.0,0.0,0.0,0.0
0,0,1675815967.9573078,,-35.0,0.0,0.0,0.0,0.0
0,0,1675815968.0578468,,53.0,0.0,0.0,0.0,0.0
0,0,1675815968.1573267,,53.0,0.0,0.0,0.0,0.0
0,0,1675815968.2572823,,53.0,0.0,0.0,0.0,0.0
0,0,1675815968.3572638,,53.0,0.0,0.0,0.0,0.0
0,0,1675815968.4573019,,53.0,0.0,0.0,0.0,0.0
0,0,1675815968.5572917,,53.0,0.0,0.0,0.0,0.0
0,0,1675815968.6572995,,53.0,0.0,0.0,0.0,0.0
0,0,1675815968.757302,,53.0,0.0,0.0,0.0,0.0
0,0,1675815968.857305,,53.0,0.0,0.0,0.0,0.0
0,0,1675815968.9573522,,53.0,0.0,0.0,0.0,0.0
0,0,1675815969.0575726,,-5.0,0.0,0.0,0.0,0.0
0,0,1675815969.1573389,,-5.0,0.0,0.0,0.0,0.0
0,0,1675815969.2573607,,-5.0,0.0,0.0,0.0,0.0
0,0,1675815969.3573542,,-5.0,0.0,0.0,0.0,0.0
0,0,1675815969.457309,,-5.0,0.0,0.0,0.0,0.0
0,0,1675815969.557369,,-5.0,0.0,0.0,0.0,0.0
0,0,1675815969.6572993,,-5.0,0.0,0.0,0.0,0.0
0,0,1675815969.7573583,,-5.0,0.0,0.0,0.0,0.0
0,0,1675815969.8573096,,-5.0,0.0,0.0,0.0,0.0
0,0,1675815969.9572911,,-5.0,0.0,0.0,0.0,0.0
0,0,1675815970.0576658,,-50.0,0.0,0.0,0.0,0.0
0,0,1675815970.1572978,,-50.0,0.0,0.0,0.0,0.0
0,0,1675815970.2575696,,-50.0,0.0,0.0,0.0,0.0
0,0,1675815970.3573227,,-50.0,0.0,0.0,0.0,0.0
0,0,1675815970.4572845,,-50.0,0.0,0.0,0.0,0.0
0,0,1675815970.5574396,,-50.0,0.0,0.0,0.0,0.0
0,0,1675815970.6574392,,-50.0,0.0,0.0,0.0,0.0
0,0,1675815970.757404,,-50.0,0.0,0.0,0.0,0.0
0,0,1675815970.8577175,,-50.0,0.0,0.0,0.0,0.0
0,0,1675815970.957321,,-50.0,0.0,0.0,0.0,0.0
0,0,1675815971.0576344,,-18.0,0.0,0.0,0.0,0.0
0,0,1675815971.1572928,,-18.0,0.0,0.0,0.0,0.0
0,0,1675815971.2574286,,-18.0,0.0,0.0,0.0,0.0
0,0,1675815971.3572812,,-18.0,0.0,0.0,0.0,0.0
0,0,1675815971.4572604,,-18.0,0.0,0.0,0.0,0.0
0,0,1675815971.557379,,-18.0,0.0,0.0,0.0,0.0
0,0,1675815971.6573915,,-18.0,0.0,0.0,0.0,0.0
0,0,1675815971.7573745,,-18.0,0.0,0.0,0.0,0.0
0,0,1675815971.8573737,,-18.0,0.0,0.0,0.0,0.0
0,0,1675815971.9574568,,-18.0,0.0,0.0,0.0,0.0
0,0,1675815972.0575929,,13.0,0.0,0.0,0.0,0.0
0,0,1675815972.1573694,,13.0,0.0,0.0,0.0,0.0
0,0,1675815972.2574623,,13.0,0.0,0.0,0.0,0.0
0,0,1675815972.3572633,,13.0,0.0,0.0,0.0,0.0
0,0,1675815972.4572773,,13.0,0.0,0.0,0.0,0.0
0,0,1675815972.5575047,,13.0,0.0,0.0,0.0,0.0
0,0,1675815972.6572468,,13.0,0.0,0.0,0.0,0.0
0,0,1675815972.757303,,13.0,0.0,0.0,0.0,0.0
0,0,1675815972.8572407,,13.0,0.0,0.0,0.0,0.0
0,0,1675815972.9573433,,13.0,0.0,0.0,0.0,0.0
0,0,1675815973.0574663,,31.0,0.0,0.0,0.0,0.0
0,0,1675815973.1570508,,31.0,0.0,0.0,0.0,0.0
0,0,1675815973.2573133,,31.0,0.0,0.0,0.0,0.0
0,0,1675815973.3573315,,31.0,0.0,0.0,0.0,0.0
0,0,1675815973.4573534,,31.0,0.0,0.0,0.0,0.0
0,0,1675815973.557336,,31.0,0.0,0.0,0.0,0.0
0,0,1675815973.657352,,31.0,0.0,0.0,0.0,0.0
0,0,1675815973.7573557,,31.0,0.0,0.0,0.0,0.0
0,0,1675815973.8574026,,31.0,0.0,0.0,0.0,0.0
0,0,1675815973.9573486,,31.0,0.0,0.0,0.0,0.0
0,0,1675815974.057552,,35.0,0.0,0.0,0.0,0.0
0,0,1675815974.157285,,35.0,0.0,0.0,0.0,0.0
0,0,1675815974.257277,,35.0,0.0,0.0,0.0,0.0
0,0,1675815974.3573945,,35.0,0.0,0.0,0.0,0.0
0,0,1675815974.457316,,35.0,0.0,0.0,0.0,0.0
0,0,1675815974.5574014,,35.0,0.0,0.0,0.0,0.0
0,0,1675815974.657566,,35.0,0.0,0.0,0.0,0.0
0,0,1675815974.757675,,35.0,0.0,0.0,0.0,0.0
0,0,1675815974.8576448,,35.0,0.0,0.0,0.0,0.0
0,0,1675815974.9575143,,35.0,0.0,0.0,0.0,0.0
0,0,1675815975.0577812,,37.0,0.0,0.0,0.0,0.0
0,0,1675815975.157331,,37.0,0.0,0.0,0.0,0.0
0,0,1675815975.257242,,37.0,0.0,0.0,0.0,0.0
0,0,1675815975.357595,,37.0,0.0,0.0,0.0,0.0
0,0,1675815975.4573476,,37.0,0.0,0.0,0.0,0.0
0,0,1675815975.5572922,,37.0,0.0,0.0,0.0,0.0
0,0,1675815975.657589,,37.0,0.0,0.0,0.0,0.0
0,0,1675815975.7575128,,37.0,0.0,0.0,0.0,0.0
0,0,1675815975.8573709,,37.0,0.0,0.0,0.0,0.0
0,0,1675815975.9574583,,37.0,0.0,0.0,0.0,0.0
0,0,1675815976.0576363,,15.0,0.0,0.0,0.0,0.0
0,0,1675815976.1572888,,15.0,0.0,0.0,0.0,0.0
0,0,1675815976.258035,,15.0,0.0,0.0,0.0,0.0
0,0,1675815976.3573108,,15.0,0.0,0.0,0.0,0.0
0,0,1675815976.4573045,,15.0,0.0,0.0,0.0,0.0
0,0,1675815976.5572994,,15.0,0.0,0.0,0.0,0.0
0,0,1675815976.6572387,,15.0,0.0,0.0,0.0,0.0
0,0,1675815976.7572925,,15.0,0.0,0.0,0.0,0.0
0,0,1675815976.857326,,15.0,0.0,0.0,0.0,0.0
0,0,1675815976.9573061,,15.0,0.0,0.0,0.0,0.0
0,0,1675815977.0574553,,14.0,0.0,0.0,0.0,0.0
0,0,1675815977.15733,,14.0,0.0,0.0,0.0,0.0
0,0,1675815977.2572956,,14.0,0.0,0.0,0.0,0.0
0,0,1675815977.357324,,14.0,0.0,0.0,0.0,0.0
0,0,1675815977.4572675,,14.0,0.0,0.0,0.0,0.0
0,0,1675815977.557222,,14.0,0.0,0.0,0.0,0.0
0,0,1675815977.657241,,14.0,0.0,0.0,0.0,0.0
0,0,1675815977.7572076,,14.0,0.0,0.0,0.0,0.0
0,0,1675815977.8574374,,14.0,0.0,0.0,0.0,0.0
0,0,1675815977.9572816,,14.0,0.0,0.0,0.0,0.0
0,0,1675815978.0575304,,47.0,0.0,0.0,0.0,0.0
0,0,1675815978.157349,,47.0,0.0,0.0,0.0,0.0
0,0,1675815978.2576284,,47.0,0.0,0.0,0.0,0.0
0,0,1675815978.3573055,,47.0,0.0,0.0,0.0,0.0
0,0,1675815978.4573052,,47.0,0.0,0.0,0.0,0.0
0,0,1675815978.557282,,47.0,0.0,0.0,0.0,0.0
0,0,1675815978.6572735,,47.0,0.0,0.0,0.0,0.0
0,0,1675815978.7578664,,47.0,0.0,0.0,0.0,0.0
0,0,1675815978.857351,,47.0,0.0,0.0,0.0,0.0
0,0,1675815978.9575088,,47.0,0.0,0.0,0.0,0.0
0,0,1675815979.057593,,-47.0,0.0,0.0,0.0,0.0
0,0,1675815979.1575212,,-47.0,0.0,0.0,0.0,0.0
0,0,1675815979.257366,,-47.0,0.0,0.0,0.0,0.0
0,0,1675815979.3574975,,-47.0,0.0,0.0,0.0,0.0
0,0,1675815979.4576056,,-47.0,0.0,0.0,0.0,0.0
0,0,1675815979.5576813,,-47.0,0.0,0.0,0.0,0.0
0,0,1675815979.657557,,-47.0,0.0,0.0,0.0,0.0
0,0,1675815979.7574983,,-47.0,0.0,0.0,0.0,0.0
0,0,1675815979.8576233,,-47.0,0.0,0.0,0.0,0.0
0,0,1675815979.957332,,-47.0,0.0,0.0,0.0,0.0
0,0,1675815980.0576398,,-31.0,0.0,0.0,0.0,0.0
0,0,1675815980.1573238,,-31.0,0.0,0.0,0.0,0.0
0,0,1675815980.257629,,-31.0,0.0,0.0,0.0,0.0
0,0,1675815980.3575273,,-31.0,0.0,0.0,0.0,0.0
0,0,1675815980.45753,,-31.0,0.0,0.0,0.0,0.0
0,0,1675815980.5575197,,-31.0,0.0,0.0,0.0,0.0
0,0,1675815980.6572485,,-31.0,0.0,0.0,0.0,0.0
0,0,1675815980.7572608,,-31.0,0.0,0.0,0.0,0.0
0,0,1675815980.8575253,,-31.0,0.0,0.0,0.0,0.0
0,0,1675815980.9576578,,-31.0,0.0,0.0,0.0,0.0
0,0,1675815981.057685,,-28.0,0.0,0.0,0.0,0.0
0,0,1675815981.1575677,,-28.0,0.0,0.0,0.0,0.0
0,0,1675815981.257527,,-28.0,0.0,0.0,0.0,0.0
0,0,1675815981.3575718,,-28.0,0.0,0.0,0.0,0.0
0,0,1675815981.457546,,-28.0,0.0,0.0,0.0,0.0
0,0,1675815981.5575633,,-28.0,0.0,0.0,0.0,0.0
0,0,1675815981.6575189,,-28.0,0.0,0.0,0.0,0.0
0,0,1675815981.7575285,,-28.0,0.0,0.0,0.0,0.0
0,0,1675815981.8575237,,-28.0,0.0,0.0,0.0,0.0
0,0,1675815981.9575818,,-28.0,0.0,0.0,0.0,0.0
0,0,1675815982.0577533,,54.0,0.0,0.0,0.0,0.0
0,0,1675815982.1575818,,54.0,0.0,0.0,0.0,0.0
0,0,1675815982.2575579,,54.0,0.0,0.0,0.0,0.0
0,0,1675815982.3575425,,54.0,0.0,0.0,0.0,0.0
0,0,1675815982.457581,,54.0,0.0,0.0,0.0,0.0
0,0,1675815982.557578,,54.0,0.0,0.0,0.0,0.0
0,0,1675815982.6575377,,54.0,0.0,0.0,0.0,0.0
0,0,1675815982.7577016,,54.0,0.0,0.0,0.0,0.0
0,0,1675815982.857349,,54.0,0.0,0.0,0.0,0.0
0,0,1675815982.957254,,54.0,0.0,0.0,0.0,0.0
0,0,1675815983.0575545,,-39.0,0.0,0.0,0.0,0.0
0,0,1675815983.1573381,,-39.0,0.0,0.0,0.0,0.0
0,0,1675815983.2573273,,-39.0,0.0,0.0,0.0,0.0
0,0,1675815983.3579335,,-39.0,0.0,0.0,0.0,0.0
0,0,1675815983.45678,,-39.0,0.0,0.0,0.0,0.0
0,0,1675815983.5575006,,-39.0,0.0,0.0,0.0,0.0
0,0,1675815983.6574569,,-39.0,0.0,0.0,0.0,0.0
0,0,1675815983.75752,,-39.0,0.0,0.0,0.0,0.0
0,0,1675815983.8578055,,-39.0,0.0,0.0,0.0,0.0
0,0,1675815983.9576654,,-39.0,0.0,0.0,0.0,0.0
0,0,1675815984.0577185,,44.0,0.0,0.0,0.0,0.0
0,0,1675815984.1573517,,44.0,0.0,0.0,0.0,0.0
0,0,1675815984.257594,,44.0,0.0,0.0,0.0,0.0
0,0,1675815984.357333,,44.0,0.0,0.0,0.0,0.0
0,0,1675815984.457408,,44.0,0.0,0.0,0.0,0.0
0,0,1675815984.5572715,,44.0,0.0,0.0,0.0,0.0
0,0,1675815984.6573362,,44.0,0.0,0.0,0.0,0.0
0,0,1675815984.7572632,,44.0,0.0,0.0,0.0,0.0
0,0,1675815984.857337,,44.0,0.0,0.0,0.0,0.0
0,0,1675815984.9573128,,44.0,0.0,0.0,0.0,0.0
0,0,1675815985.057529,,-42.0,0.0,0.0,0.0,0.0
0,0,1675815985.1573205,,-42.0,0.0,0.0,0.0,0.0
0,0,1675815985.2573898,,-42.0,0.0,0.0,0.0,0.0
0,0,1675815985.3573232,,-42.0,0.0,0.0,0.0,0.0
0,0,1675815985.4573412,,-42.0,0.0,0.0,0.0,0.0
0,0,1675815985.5573072,,-42.0,0.0,0.0,0.0,0.0
0,0,1675815985.6574237,,-42.0,0.0,0.0,0.0,0.0
0,0,1675815985.7573307,,-42.0,0.0,0.0,0.0,0.0
0,0,1675815985.857288,,-42.0,0.0,0.0,0.0,0.0
0,0,1675815985.9573383,,-42.0,0.0,0.0,0.0,0.0
0,0,1675815986.0575314,,44.0,0.0,0.0,0.0,0.0
0,0,1675815986.1572957,,44.0,0.0,0.0,0.0,0.0
0,0,1675815986.2573097,,44.0,0.0,0.0,0.0,0.0
0,0,1675815986.3573194,,44.0,0.0,0.0,0.0,0.0
0,0,1675815986.4572833,,44.0,0.0,0.0,0.0,0.0
0,0,1675815986.5573177,,44.0,0.0,0.0,0.0,0.0
0,0,1675815986.6572256,,44.0,0.0,0.0,0.0,0.0
0,0,1675815986.7572827,,44.0,0.0,0.0,0.0,0.0
0,0,1675815986.8572395,,44.0,0.0,0.0,0.0,0.0
0,0,1675815986.957224,,44.0,0.0,0.0,0.0,0.0
0,0,1675815987.05752,,-45.0,0.0,0.0,0.0,0.0
0,0,1675815987.1572757,,-45.0,0.0,0.0,0.0,0.0
0,0,1675815987.2572663,,-45.0,0.0,0.0,0.0,0.0
0,0,1675815987.3572922,,-45.0,0.0,0.0,0.0,0.0
0,0,1675815987.4573052,,-45.0,0.0,0.0,0.0,0.0
0,0,1675815987.5571892,,-45.0,0.0,0.0,0.0,0.0
0,0,1675815987.6572738,,-45.0,0.0,0.0,0.0,0.0
0,0,1675815987.7572367,,-45.0,0.0,0.0,0.0,0.0
0,0,1675815987.857193,,-45.0,0.0,0.0,0.0,0.0
0,0,1675815987.9572375,,-45.0,0.0,0.0,0.0,0.0
0,0,1675815988.057376,,63.0,0.0,0.0,0.0,0.0
0,0,1675815988.157322,,63.0,0.0,0.0,0.0,0.0
0,0,1675815988.2575254,,63.0,0.0,0.0,0.0,0.0
0,0,1675815988.3573,,63.0,0.0,0.0,0.0,0.0
0,0,1675815988.4574165,,63.0,0.0,0.0,0.0,0.0
0,0,1675815988.556685,,63.0,0.0,0.0,0.0,0.0
0,0,1675815988.6573098,,63.0,0.0,0.0,0.0,0.0
0,0,1675815988.7573733,,63.0,0.0,0.0,0.0,0.0
0,0,1675815988.857257,,63.0,0.0,0.0,0.0,0.0
0,0,1675815988.957419,,63.0,0.0,0.0,0.0,0.0
0,0,1675815989.0574698,,-57.0,0.0,0.0,0.0,0.0
0,0,1675815989.1572733,,-57.0,0.0,0.0,0.0,0.0
0,0,1675815989.2573059,,-57.0,0.0,0.0,0.0,0.0
0,0,1675815989.35726,,-57.0,0.0,0.0,0.0,0.0
0,0,1675815989.4572592,,-57.0,0.0,0.0,0.0,0.0
0,0,1675815989.5572927,,-57.0,0.0,0.0,0.0,0.0
0,0,1675815989.657268,,-57.0,0.0,0.0,0.0,0.0
0,0,1675815989.7573304,,-57.0,0.0,0.0,0.0,0.0
0,0,1675815989.8573265,,-57.0,0.0,0.0,0.0,0.0
0,0,1675815989.9572601,,-57.0,0.0,0.0,0.0,0.0
0,0,1675815990.057394,,-52.0,0.0,0.0,0.0,0.0
0,0,1675815990.1572495,,-52.0,0.0,0.0,0.0,0.0
0,0,1675815990.2572098,,-52.0,0.0,0.0,0.0,0.0
0,0,1675815990.3573048,,-52.0,0.0,0.0,0.0,0.0
0,0,1675815990.4572768,,-52.0,0.0,0.0,0.0,0.0
0,0,1675815990.5572047,,-52.0,0.0,0.0,0.0,0.0
0,0,1675815990.6572087,,-52.0,0.0,0.0,0.0,0.0
0,0,1675815990.7572706,,-52.0,0.0,0.0,0.0,0.0
0,0,1675815990.8572671,,-52.0,0.0,0.0,0.0,0.0
0,0,1675815990.9572883,,-52.0,0.0,0.0,0.0,0.0
0,0,1675815991.0579565,,-10.0,0.0,0.0,0.0,0.0
0,0,1675815991.1574786,,-10.0,0.0,0.0,0.0,0.0
0,0,1675815991.2574325,,-10.0,0.0,0.0,0.0,0.0
0,0,1675815991.3575895,,-10.0,0.0,0.0,0.0,0.0
0,0,1675815991.4572735,,-10.0,0.0,0.0,0.0,0.0
0,0,1675815991.5573144,,-10.0,0.0,0.0,0.0,0.0
0,0,1675815991.657288,,-10.0,0.0,0.0,0.0,0.0
0,0,1675815991.7572408,,-10.0,0.0,0.0,0.0,0.0
0,0,1675815991.8575425,,-10.0,0.0,0.0,0.0,0.0
0,0,1675815991.9573066,,-10.0,0.0,0.0,0.0,0.0
0,0,1675815992.0576527,,-32.0,0.0,0.0,0.0,0.0
0,0,1675815992.157286,,-32.0,0.0,0.0,0.0,0.0
0,0,1675815992.2579184,,-32.0,0.0,0.0,0.0,0.0
0,0,1675815992.3572836,,-32.0,0.0,0.0,0.0,0.0
0,0,1675815992.4573479,,-32.0,0.0,0.0,0.0,0.0
0,0,1675815992.5574117,,-32.0,0.0,0.0,0.0,0.0
0,0,1675815992.6573725,,-32.0,0.0,0.0,0.0,0.0
0,0,1675815992.7573807,,-32.0,0.0,0.0,0.0,0.0
0,0,1675815992.8573112,,-32.0,0.0,0.0,0.0,0.0
0,0,1675815992.9573455,,-32.0,0.0,0.0,0.0,0.0
0,0,1675815993.057685,,-35.0,0.0,0.0,0.0,0.0
0,0,1675815993.1572716,,-35.0,0.0,0.0,0.0,0.0
0,0,1675815993.257835,,-35.0,0.0,0.0,0.0,0.0
0,0,1675815993.3572807,,-35.0,0.0,0.0,0.0,0.0
0,0,1675815993.4572968,,-35.0,0.0,0.0,0.0,0.0
0,0,1675815993.557259,,-35.0,0.0,0.0,0.0,0.0
0,0,1675815993.6572788,,-35.0,0.0,0.0,0.0,0.0
0,0,1675815993.7572603,,-35.0,0.0,0.0,0.0,0.0
0,0,1675815993.857274,,-35.0,0.0,0.0,0.0,0.0
0,0,1675815993.9572308,,-35.0,0.0,0.0,0.0,0.0
0,0,1675815994.0574536,,31.0,0.0,0.0,0.0,0.0
0,0,1675815994.157239,,31.0,0.0,0.0,0.0,0.0
0,0,1675815994.257322,,31.0,0.0,0.0,0.0,0.0
0,0,1675815994.357233,,31.0,0.0,0.0,0.0,0.0
0,0,1675815994.4573185,,31.0,0.0,0.0,0.0,0.0
0,0,1675815994.5573127,,31.0,0.0,0.0,0.0,0.0
0,0,1675815994.657344,,31.0,0.0,0.0,0.0,0.0
0,0,1675815994.7575243,,31.0,0.0,0.0,0.0,0.0
0,0,1675815994.8574066,,31.0,0.0,0.0,0.0,0.0
0,0,1675815994.9566586,,31.0,0.0,0.0,0.0,0.0
0,0,1675815995.0575058,,-40.0,0.0,0.0,0.0,0.0
0,0,1675815995.1572826,,-40.0,0.0,0.0,0.0,0.0
0,0,1675815995.2575505,,-40.0,0.0,0.0,0.0,0.0
0,0,1675815995.3573277,,-40.0,0.0,0.0,0.0,0.0
0,0,1675815995.457506,,-40.0,0.0,0.0,0.0,0.0
0,0,1675815995.5566742,,-40.0,0.0,0.0,0.0,0.0
0,0,1675815995.657248,,-40.0,0.0,0.0,0.0,0.0
0,0,1675815995.757292,,-40.0,0.0,0.0,0.0,0.0
0,0,1675815995.8573022,,-40.0,0.0,0.0,0.0,0.0
0,0,1675815995.95737,,-40.0,0.0,0.0,0.0,0.0
0,0,1675815996.0574412,,17.0,0.0,0.0,0.0,0.0
0,0,1675815996.1572707,,17.0,0.0,0.0,0.0,0.0
0,0,1675815996.2577324,,17.0,0.0,0.0,0.0,0.0
0,0,1675815996.3573134,,17.0,0.0,0.0,0.0,0.0
0,0,1675815996.4572225,,17.0,0.0,0.0,0.0,0.0
0,0,1675815996.5575037,,17.0,0.0,0.0,0.0,0.0
0,0,1675815996.6572127,,17.0,0.0,0.0,0.0,0.0
0,0,1675815996.757386,,17.0,0.0,0.0,0.0,0.0
0,0,1675815996.8573275,,17.0,0.0,0.0,0.0,0.0
0,0,1675815996.9572704,,17.0,0.0,0.0,0.0,0.0
0,0,1675815997.0575786,,0.0,0.0,0.0,0.0,0.0
0,0,1675815997.157246,,0.0,0.0,0.0,0.0,0.0
0,0,1675815997.2579062,,0.0,0.0,0.0,0.0,0.0
0,0,1675815997.3574204,,0.0,0.0,0.0,0.0,0.0
0,0,1675815997.4573977,,0.0,0.0,0.0,0.0,0.0
0,0,1675815997.557329,,0.0,0.0,0.0,0.0,0.0
0,0,1675815997.6573138,,0.0,0.0,0.0,0.0,0.0
0,0,1675815997.757431,,0.0,0.0,0.0,0.0,0.0
0,0,1675815997.8573065,,0.0,0.0,0.0,0.0,0.0
0,0,1675815997.9573214,,0.0,0.0,0.0,0.0,0.0
0,0,1675815998.0574422,,-44.0,0.0,0.0,0.0,0.0
0,0,1675815998.15734,,-44.0,0.0,0.0,0.0,0.0
0,0,1675815998.2574036,,-44.0,0.0,0.0,0.0,0.0
0,0,1675815998.3574195,,-44.0,0.0,0.0,0.0,0.0
0,0,1675815998.457313,,-44.0,0.0,0.0,0.0,0.0
0,0,1675815998.5573115,,-44.0,0.0,0.0,0.0,0.0
0,0,1675815998.6573048,,-44.0,0.0,0.0,0.0,0.0
0,0,1675815998.7574751,,-44.0,0.0,0.0,0.0,0.0
0,0,1675815998.8574524,,-44.0,0.0,0.0,0.0,0.0
0,0,1675815998.957267,,-44.0,0.0,0.0,0.0,0.0
0,0,1675815999.057572,,-68.0,0.0,0.0,0.0,0.0
0,0,1675815999.157295,,-68.0,0.0,0.0,0.0,0.0
0,0,1675815999.257411,,-68.0,0.0,0.0,0.0,0.0
0,0,1675815999.357306,,-68.0,0.0,0.0,0.0,0.0
0,0,1675815999.4572935,,-68.0,0.0,0.0,0.0,0.0
0,0,1675815999.5574305,,-68.0,0.0,0.0,0.0,0.0
0,0,1675815999.657415,,-68.0,0.0,0.0,0.0,0.0
0,0,1675815999.757276,,-68.0,0.0,0.0,0.0,0.0
0,0,1675815999.8573117,,-68.0,0.0,0.0,0.0,0.0
0,0,1675815999.9575453,,-68.0,0.0,0.0,0.0,0.0
0,0,1675816000.0571575,,-29.0,0.0,0.0,0.0,0.0
0,0,1675816000.1574154,,-29.0,0.0,0.0,0.0,0.0
0,0,1675816000.257476,,-29.0,0.0,0.0,0.0,0.0
0,0,1675816000.3575613,,-29.0,0.0,0.0,0.0,0.0
0,0,1675816000.4574397,,-29.0,0.0,0.0,0.0,0.0
0,0,1675816000.557353,,-29.0,0.0,0.0,0.0,0.0
0,0,1675816000.6570282,,-29.0,0.0,0.0,0.0,0.0
0,0,1675816000.7565722,,-29.0,0.0,0.0,0.0,0.0
0,0,1675816000.8564754,,-29.0,0.0,0.0,0.0,0.0
0,0,1675816000.9572766,,-29.0,0.0,0.0,0.0,0.0
0,0,1675816001.0568569,,23.0,0.0,0.0,0.0,0.0
0,0,1675816001.156635,,23.0,0.0,0.0,0.0,0.0
0,0,1675816001.2568595,,23.0,0.0,0.0,0.0,0.0
0,0,1675816001.3564014,,23.0,0.0,0.0,0.0,0.0
0,0,1675816001.457437,,23.0,0.0,0.0,0.0,0.0
0,0,1675816001.5565305,,23.0,0.0,0.0,0.0,0.0
0,0,1675816001.6565769,,23.0,0.0,0.0,0.0,0.0
0,0,1675816001.756382,,23.0,0.0,0.0,0.0,0.0
0,0,1675816001.8570337,,23.0,0.0,0.0,0.0,0.0
0,0,1675816001.9573817,,23.0,0.0,0.0,0.0,0.0
0,0,1675816002.0574899,,23.0,0.0,0.0,0.0,0.0
0,0,1675816002.157293,,23.0,0.0,0.0,0.0,0.0
0,0,1675816002.2574477,,23.0,0.0,0.0,0.0,0.0
0,0,1675816002.3577409,,23.0,0.0,0.0,0.0,0.0
0,0,1675816002.4566653,,23.0,0.0,0.0,0.0,0.0
0,0,1675816002.5564706,,23.0,0.0,0.0,0.0,0.0
0,0,1675816002.6565342,,23.0,0.0,0.0,0.0,0.0
0,0,1675816002.7567525,,23.0,0.0,0.0,0.0,0.0
0,0,1675816002.8573754,,23.0,0.0,0.0,0.0,0.0
0,0,1675816002.95651,,23.0,0.0,0.0,0.0,0.0
0,0,1675816003.0565233,,2.0,0.0,0.0,0.0,0.0
0,0,1675816003.157491,,2.0,0.0,0.0,0.0,0.0
0,0,1675816003.2576199,,2.0,0.0,0.0,0.0,0.0
0,0,1675816003.3574047,,2.0,0.0,0.0,0.0,0.0
0,0,1675816003.4574394,,2.0,0.0,0.0,0.0,0.0
0,0,1675816003.5574467,,2.0,0.0,0.0,0.0,0.0
0,0,1675816003.6573753,,2.0,0.0,0.0,0.0,0.0
0,0,1675816003.7574174,,2.0,0.0,0.0,0.0,0.0
0,0,1675816003.8573754,,2.0,0.0,0.0,0.0,0.0
0,0,1675816003.957368,,2.0,0.0,0.0,0.0,0.0
0,0,1675816004.057487,,-76.0,0.0,0.0,0.0,0.0
0,0,1675816004.1573925,,-76.0,0.0,0.0,0.0,0.0
0,0,1675816004.2574487,,-76.0,0.0,0.0,0.0,0.0
0,0,1675816004.3573174,,-76.0,0.0,0.0,0.0,0.0
0,0,1675816004.457307,,-76.0,0.0,0.0,0.0,0.0
0,0,1675816004.5573647,,-76.0,0.0,0.0,0.0,0.0
0,0,1675816004.6573374,,-76.0,0.0,0.0,0.0,0.0
0,0,1675816004.7574322,,-76.0,0.0,0.0,0.0,0.0
0,0,1675816004.857698,,-76.0,0.0,0.0,0.0,0.0
0,0,1675816004.9572854,,-76.0,0.0,0.0,0.0,0.0
0,0,1675816005.0574965,,53.0,0.0,0.0,0.0,0.0
0,0,1675816005.157933,,53.0,0.0,0.0,0.0,0.0
0,0,1675816005.2567723,,53.0,0.0,0.0,0.0,0.0
0,0,1675816005.3574636,,53.0,0.0,0.0,0.0,0.0
0,0,1675816005.4574175,,53.0,0.0,0.0,0.0,0.0
0,0,1675816005.557357,,53.0,0.0,0.0,0.0,0.0
0,0,1675816005.657363,,53.0,0.0,0.0,0.0,0.0
0,0,1675816005.7577698,,53.0,0.0,0.0,0.0,0.0
0,0,1675816005.857409,,53.0,0.0,0.0,0.0,0.0
0,0,1675816005.9573734,,53.0,0.0,0.0,0.0,0.0
0,0,1675816006.0575874,,-66.0,0.0,0.0,0.0,0.0
0,0,1675816006.157325,,-66.0,0.0,0.0,0.0,0.0
0,0,1675816006.2572594,,-66.0,0.0,0.0,0.0,0.0
0,0,1675816006.357307,,-66.0,0.0,0.0,0.0,0.0
0,0,1675816006.4573135,,-66.0,0.0,0.0,0.0,0.0
0,0,1675816006.5575733,,-66.0,0.0,0.0,0.0,0.0
0,0,1675816006.657517,,-66.0,0.0,0.0,0.0,0.0
0,0,1675816006.7575052,,-66.0,0.0,0.0,0.0,0.0
0,0,1675816006.857375,,-66.0,0.0,0.0,0.0,0.0
0,0,1675816006.95738,,-66.0,0.0,0.0,0.0,0.0
0,0,1675816007.0576246,,-21.0,0.0,0.0,0.0,0.0
0,0,1675816007.157351,,-21.0,0.0,0.0,0.0,0.0
0,0,1675816007.2573116,,-21.0,0.0,0.0,0.0,0.0
0,0,1675816007.3573234,,-21.0,0.0,0.0,0.0,0.0
0,0,1675816007.4572842,,-21.0,0.0,0.0,0.0,0.0
0,0,1675816007.5573025,,-21.0,0.0,0.0,0.0,0.0
0,0,1675816007.657274,,-21.0,0.0,0.0,0.0,0.0
0,0,1675816007.7572873,,-21.0,0.0,0.0,0.0,0.0
0,0,1675816007.857212,,-21.0,0.0,0.0,0.0,0.0
0,0,1675816007.9575462,,-21.0,0.0,0.0,0.0,0.0
0,0,1675816008.0576975,,49.0,0.0,0.0,0.0,0.0
0,0,1675816008.1572816,,49.0,0.0,0.0,0.0,0.0
0,0,1675816008.257801,,49.0,0.0,0.0,0.0,0.0
0,0,1675816008.3575537,,49.0,0.0,0.0,0.0,0.0
0,0,1675816008.4573867,,49.0,0.0,0.0,0.0,0.0
0,0,1675816008.5573368,,49.0,0.0,0.0,0.0,0.0
0,0,1675816008.6573102,,49.0,0.0,0.0,0.0,0.0
0,0,1675816008.7572968,,49.0,0.0,0.0,0.0,0.0
0,0,1675816008.8572397,,49.0,0.0,0.0,0.0,0.0
0,0,1675816008.9572868,,49.0,0.0,0.0,0.0,0.0
0,0,1675816009.0575845,,-19.0,0.0,0.0,0.0,0.0
0,0,1675816009.1576302,,-19.0,0.0,0.0,0.0,0.0
0,0,1675816009.2572443,,-19.0,0.0,0.0,0.0,0.0
0,0,1675816009.3572054,,-19.0,0.0,0.0,0.0,0.0
0,0,1675816009.4572883,,-19.0,0.0,0.0,0.0,0.0
0,0,1675816009.5574932,,-19.0,0.0,0.0,0.0,0.0
0,0,1675816009.6573474,,-19.0,0.0,0.0,0.0,0.0
0,0,1675816009.7583332,,-19.0,0.0,0.0,0.0,0.0
0,0,1675816009.857351,,-19.0,0.0,0.0,0.0,0.0
0,0,1675816009.9573994,,-19.0,0.0,0.0,0.0,0.0
0,0,1675816010.0574946,,-33.0,0.0,0.0,0.0,0.0
0,0,1675816010.1575727,,-33.0,0.0,0.0,0.0,0.0
0,0,1675816010.2581737,,-33.0,0.0,0.0,0.0,0.0
0,0,1675816010.3565714,,-33.0,0.0,0.0,0.0,0.0
0,0,1675816010.4572918,,-33.0,0.0,0.0,0.0,0.0
0,0,1675816010.5575442,,-33.0,0.0,0.0,0.0,0.0
0,0,1675816010.657404,,-33.0,0.0,0.0,0.0,0.0
0,0,1675816010.757535,,-33.0,0.0,0.0,0.0,0.0
0,0,1675816010.857325,,-33.0,0.0,0.0,0.0,0.0
0,0,1675816010.9576325,,-33.0,0.0,0.0,0.0,0.0
0,0,1675816011.0577624,,-79.0,0.0,0.0,0.0,0.0
0,0,1675816011.1575744,,-79.0,0.0,0.0,0.0,0.0
0,0,1675816011.2575347,,-79.0,0.0,0.0,0.0,0.0
0,0,1675816011.3575609,,-79.0,0.0,0.0,0.0,0.0
0,0,1675816011.4575837,,-79.0,0.0,0.0,0.0,0.0
0,0,1675816011.5575652,,-79.0,0.0,0.0,0.0,0.0
0,0,1675816011.6575143,,-79.0,0.0,0.0,0.0,0.0
0,0,1675816011.7580898,,-79.0,0.0,0.0,0.0,0.0
0,0,1675816011.8574052,,-79.0,0.0,0.0,0.0,0.0
0,0,1675816011.9572606,,-79.0,0.0,0.0,0.0,0.0
0,0,1675816012.0574307,,-77.0,0.0,0.0,0.0,0.0
0,0,1675816012.1575603,,-77.0,0.0,0.0,0.0,0.0
0,0,1675816012.2574956,,-77.0,0.0,0.0,0.0,0.0
0,0,1675816012.3574321,,-77.0,0.0,0.0,0.0,0.0
0,0,1675816012.4576147,,-77.0,0.0,0.0,0.0,0.0
0,0,1675816012.5573165,,-77.0,0.0,0.0,0.0,0.0
0,0,1675816012.6573536,,-77.0,0.0,0.0,0.0,0.0
0,0,1675816012.757441,,-77.0,0.0,0.0,0.0,0.0
0,0,1675816012.8573968,,-77.0,0.0,0.0,0.0,0.0
0,0,1675816012.9573555,,-77.0,0.0,0.0,0.0,0.0
0,0,1675816013.0575113,,49.0,0.0,0.0,0.0,0.0
0,0,1675816013.1573594,,49.0,0.0,0.0,0.0,0.0
0,0,1675816013.257289,,49.0,0.0,0.0,0.0,0.0
0,0,1675816013.3573663,,49.0,0.0,0.0,0.0,0.0
0,0,1675816013.4574077,,49.0,0.0,0.0,0.0,0.0
0,0,1675816013.557221,,49.0,0.0,0.0,0.0,0.0
0,0,1675816013.6573224,,49.0,0.0,0.0,0.0,0.0
0,0,1675816013.7578595,,49.0,0.0,0.0,0.0,0.0
0,0,1675816013.8574922,,49.0,0.0,0.0,0.0,0.0
0,0,1675816013.957495,,49.0,0.0,0.0,0.0,0.0
0,0,1675816014.0578294,,44.0,0.0,0.0,0.0,0.0
0,0,1675816014.1572676,,44.0,0.0,0.0,0.0,0.0
0,0,1675816014.2576215,,44.0,0.0,0.0,0.0,0.0
0,0,1675816014.357416,,44.0,0.0,0.0,0.0,0.0
0,0,1675816014.4574354,,44.0,0.0,0.0,0.0,0.0
0,0,1675816014.5574331,,44.0,0.0,0.0,0.0,0.0
0,0,1675816014.6573167,,44.0,0.0,0.0,0.0,0.0
0,0,1675816014.7573056,,44.0,0.0,0.0,0.0,0.0
0,0,1675816014.8573072,,44.0,0.0,0.0,0.0,0.0
0,0,1675816014.9572933,,44.0,0.0,0.0,0.0,0.0
0,0,1675816015.0575218,,6.0,0.0,0.0,0.0,0.0
0,0,1675816015.15731,,6.0,0.0,0.0,0.0,0.0
0,0,1675816015.2578125,,6.0,0.0,0.0,0.0,0.0
0,0,1675816015.357592,,6.0,0.0,0.0,0.0,0.0
0,0,1675816015.4571328,,6.0,0.0,0.0,0.0,0.0
0,0,1675816015.5570576,,6.0,0.0,0.0,0.0,0.0
0,0,1675816015.6570299,,6.0,0.0,0.0,0.0,0.0
0,0,1675816015.757028,,6.0,0.0,0.0,0.0,0.0
0,0,1675816015.8574078,,6.0,0.0,0.0,0.0,0.0
0,0,1675816015.9575307,,6.0,0.0,0.0,0.0,0.0
0,0,1675816016.0576108,,26.0,0.0,0.0,0.0,0.0
0,0,1675816016.1573143,,26.0,0.0,0.0,0.0,0.0
0,0,1675816016.2582858,,26.0,0.0,0.0,0.0,0.0
0,0,1675816016.357274,,26.0,0.0,0.0,0.0,0.0
0,0,1675816016.4572968,,26.0,0.0,0.0,0.0,0.0
0,0,1675816016.5573568,,26.0,0.0,0.0,0.0,0.0
0,0,1675816016.6573489,,26.0,0.0,0.0,0.0,0.0
0,0,1675816016.757957,,26.0,0.0,0.0,0.0,0.0
0,0,1675816016.8573253,,26.0,0.0,0.0,0.0,0.0
0,0,1675816016.9572644,,26.0,0.0,0.0,0.0,0.0
0,0,1675816017.0573854,,-67.0,0.0,0.0,0.0,0.0
0,0,1675816017.1573281,,-67.0,0.0,0.0,0.0,0.0
0,0,1675816017.2571898,,-67.0,0.0,0.0,0.0,0.0
0,0,1675816017.357434,,-67.0,0.0,0.0,0.0,0.0
0,0,1675816017.4575567,,-67.0,0.0,0.0,0.0,0.0
0,0,1675816017.55691,,-67.0,0.0,0.0,0.0,0.0
0,0,1675816017.6567996,,-67.0,0.0,0.0,0.0,0.0
0,0,1675816017.7581806,,-67.0,0.0,0.0,0.0,0.0
0,0,1675816017.857524,,-67.0,0.0,0.0,0.0,0.0
0,0,1675816017.9572606,,-67.0,0.0,0.0,0.0,0.0
0,0,1675816018.05741,,60.0,0.0,0.0,0.0,0.0
0,0,1675816018.1572893,,60.0,0.0,0.0,0.0,0.0
0,0,1675816018.2565026,,60.0,0.0,0.0,0.0,0.0
0,0,1675816018.3573759,,60.0,0.0,0.0,0.0,0.0
0,0,1675816018.4573705,,60.0,0.0,0.0,0.0,0.0
0,0,1675816018.5573294,,60.0,0.0,0.0,0.0,0.0
0,0,1675816018.6575036,,60.0,0.0,0.0,0.0,0.0
0,0,1675816018.7577255,,60.0,0.0,0.0,0.0,0.0
0,0,1675816018.8573112,,60.0,0.0,0.0,0.0,0.0
0,0,1675816018.957319,,60.0,0.0,0.0,0.0,0.0
0,0,1675816019.0577664,,46.0,0.0,0.0,0.0,0.0
0,0,1675816019.1574597,,46.0,0.0,0.0,0.0,0.0
0,0,1675816019.2573202,,46.0,0.0,0.0,0.0,0.0
0,0,1675816019.357294,,46.0,0.0,0.0,0.0,0.0
0,0,1675816019.4575853,,46.0,0.0,0.0,0.0,0.0
0,0,1675816019.5572677,,46.0,0.0,0.0,0.0,0.0
0,0,1675816019.6572537,,46.0,0.0,0.0,0.0,0.0
0,0,1675816019.7576876,,46.0,0.0,0.0,0.0,0.0
0,0,1675816019.857432,,46.0,0.0,0.0,0.0,0.0
0,0,1675816019.957218,,46.0,0.0,0.0,0.0,0.0
0,0,1675816020.0574572,,50.0,0.0,0.0,0.0,0.0
0,0,1675816020.1573062,,50.0,0.0,0.0,0.0,0.0
0,0,1675816020.2578053,,50.0,0.0,0.0,0.0,0.0
0,0,1675816020.3572533,,50.0,0.0,0.0,0.0,0.0
0,0,1675816020.45729,,50.0,0.0,0.0,0.0,0.0
0,0,1675816020.557435,,50.0,0.0,0.0,0.0,0.0
0,0,1675816020.6567209,,50.0,0.0,0.0,0.0,0.0
0,0,1675816020.7579434,,50.0,0.0,0.0,0.0,0.0
0,0,1675816020.8573391,,50.0,0.0,0.0,0.0,0.0
0,0,1675816020.9575038,,50.0,0.0,0.0,0.0,0.0
0,0,1675816021.0574393,,38.0,0.0,0.0,0.0,0.0
0,0,1675816021.15722,,38.0,0.0,0.0,0.0,0.0
0,0,1675816021.2583506,,38.0,0.0,0.0,0.0,0.0
0,0,1675816021.3574808,,38.0,0.0,0.0,0.0,0.0
0,0,1675816021.4575248,,38.0,0.0,0.0,0.0,0.0
0,0,1675816021.557414,,38.0,0.0,0.0,0.0,0.0
0,0,1675816021.6572685,,38.0,0.0,0.0,0.0,0.0
0,0,1675816021.757268,,38.0,0.0,0.0,0.0,0.0
0,0,1675816021.857259,,38.0,0.0,0.0,0.0,0.0
0,0,1675816021.9572845,,38.0,0.0,0.0,0.0,0.0
0,0,1675816022.0576184,,0.0,0.0,0.0,0.0,0.0
0,0,1675816022.157251,,0.0,0.0,0.0,0.0,0.0
0,0,1675816022.2577977,,0.0,0.0,0.0,0.0,0.0
0,0,1675816022.3573015,,0.0,0.0,0.0,0.0,0.0
0,0,1675816022.4573429,,0.0,0.0,0.0,0.0,0.0
0,0,1675816022.5573606,,0.0,0.0,0.0,0.0,0.0
0,0,1675816022.6573484,,0.0,0.0,0.0,0.0,0.0
0,0,1675816022.757971,,0.0,0.0,0.0,0.0,0.0
0,0,1675816022.8573844,,0.0,0.0,0.0,0.0,0.0
0,0,1675816022.9574294,,0.0,0.0,0.0,0.0,0.0
0,0,1675816023.0575001,,11.0,0.0,0.0,0.0,0.0
0,0,1675816023.1573153,,11.0,0.0,0.0,0.0,0.0
0,0,1675816023.257838,,11.0,0.0,0.0,0.0,0.0
0,0,1675816023.3573413,,11.0,0.0,0.0,0.0,0.0
0,0,1675816023.457306,,11.0,0.0,0.0,0.0,0.0
0,0,1675816023.5572765,,11.0,0.0,0.0,0.0,0.0
0,0,1675816023.6572783,,11.0,0.0,0.0,0.0,0.0
0,0,1675816023.758014,,11.0,0.0,0.0,0.0,0.0
0,0,1675816023.8573122,,11.0,0.0,0.0,0.0,0.0
0,0,1675816023.9573185,,11.0,0.0,0.0,0.0,0.0
0,0,1675816024.0575023,,-51.0,0.0,0.0,0.0,0.0
0,0,1675816024.1573253,,-51.0,0.0,0.0,0.0,0.0
0,0,1675816024.2573164,,-51.0,0.0,0.0,0.0,0.0
0,0,1675816024.3574862,,-51.0,0.0,0.0,0.0,0.0
0,0,1675816024.4572845,,-51.0,0.0,0.0,0.0,0.0
0,0,1675816024.5572894,,-51.0,0.0,0.0,0.0,0.0
0,0,1675816024.6572294,,-51.0,0.0,0.0,0.0,0.0
0,0,1675816024.757284,,-51.0,0.0,0.0,0.0,0.0
0,0,1675816024.8572998,,-51.0,0.0,0.0,0.0,0.0
0,0,1675816024.9573286,,-51.0,0.0,0.0,0.0,0.0
0,0,1675816025.0575068,,-49.0,0.0,0.0,0.0,0.0
0,0,1675816025.1573372,,-49.0,0.0,0.0,0.0,0.0
0,0,1675816025.257836,,-49.0,0.0,0.0,0.0,0.0
0,0,1675816025.3573003,,-49.0,0.0,0.0,0.0,0.0
0,0,1675816025.4572823,,-49.0,0.0,0.0,0.0,0.0
0,0,1675816025.557339,,-49.0,0.0,0.0,0.0,0.0
0,0,1675816025.657347,,-49.0,0.0,0.0,0.0,0.0
0,0,1675816025.7572267,,-49.0,0.0,0.0,0.0,0.0
0,0,1675816025.8574865,,-49.0,0.0,0.0,0.0,0.0
0,0,1675816025.957292,,-49.0,0.0,0.0,0.0,0.0
0,0,1675816026.0575125,,-56.0,0.0,0.0,0.0,0.0
0,0,1675816026.1572773,,-56.0,0.0,0.0,0.0,0.0
0,0,1675816026.2573428,,-56.0,0.0,0.0,0.0,0.0
0,0,1675816026.3572774,,-56.0,0.0,0.0,0.0,0.0
0,0,1675816026.457285,,-56.0,0.0,0.0,0.0,0.0
0,0,1675816026.557404,,-56.0,0.0,0.0,0.0,0.0
0,0,1675816026.6574533,,-56.0,0.0,0.0,0.0,0.0
0,0,1675816026.7574384,,-56.0,0.0,0.0,0.0,0.0
0,0,1675816026.8573468,,-56.0,0.0,0.0,0.0,0.0
0,0,1675816026.957236,,-56.0,0.0,0.0,0.0,0.0
0,0,1675816027.05749,,26.0,0.0,0.0,0.0,0.0
0,0,1675816027.1574137,,26.0,0.0,0.0,0.0,0.0
0,0,1675816027.2573621,,26.0,0.0,0.0,0.0,0.0
0,0,1675816027.3573189,,26.0,0.0,0.0,0.0,0.0
0,0,1675816027.457493,,26.0,0.0,0.0,0.0,0.0
0,0,1675816027.5574927,,26.0,0.0,0.0,0.0,0.0
0,0,1675816027.6574736,,26.0,0.0,0.0,0.0,0.0
0,0,1675816027.7574942,,26.0,0.0,0.0,0.0,0.0
0,0,1675816027.857475,,26.0,0.0,0.0,0.0,0.0
0,0,1675816027.9579127,,26.0,0.0,0.0,0.0,0.0
0,0,1675816028.0575974,,46.0,0.0,0.0,0.0,0.0
0,0,1675816028.1571212,,46.0,0.0,0.0,0.0,0.0
0,0,1675816028.256882,,46.0,0.0,0.0,0.0,0.0
0,0,1675816028.3573463,,46.0,0.0,0.0,0.0,0.0
0,0,1675816028.4573472,,46.0,0.0,0.0,0.0,0.0
0,0,1675816028.5573332,,46.0,0.0,0.0,0.0,0.0
0,0,1675816028.6573348,,46.0,0.0,0.0,0.0,0.0
0,0,1675816028.7574608,,46.0,0.0,0.0,0.0,0.0
0,0,1675816028.857465,,46.0,0.0,0.0,0.0,0.0
0,0,1675816028.957609,,46.0,0.0,0.0,0.0,0.0
0,0,1675816029.0576653,,21.0,0.0,0.0,0.0,0.0
0,0,1675816029.1575587,,21.0,0.0,0.0,0.0,0.0
0,0,1675816029.2583506,,21.0,0.0,0.0,0.0,0.0
0,0,1675816029.357502,,21.0,0.0,0.0,0.0,0.0
0,0,1675816029.457502,,21.0,0.0,0.0,0.0,0.0
0,0,1675816029.5573263,,21.0,0.0,0.0,0.0,0.0
0,0,1675816029.6572697,,21.0,0.0,0.0,0.0,0.0
0,0,1675816029.7573955,,21.0,0.0,0.0,0.0,0.0
0,0,1675816029.8573174,,21.0,0.0,0.0,0.0,0.0
0,0,1675816029.957328,,21.0,0.0,0.0,0.0,0.0
0,0,1675816030.0573761,,61.0,0.0,0.0,0.0,0.0
0,0,1675816030.1574962,,61.0,0.0,0.0,0.0,0.0
0,0,1675816030.2572792,,61.0,0.0,0.0,0.0,0.0
0,0,1675816030.3572435,,61.0,0.0,0.0,0.0,0.0
0,0,1675816030.4573448,,61.0,0.0,0.0,0.0,0.0
0,0,1675816030.5572119,,61.0,0.0,0.0,0.0,0.0
0,0,1675816030.6573257,,61.0,0.0,0.0,0.0,0.0
0,0,1675816030.7574182,,61.0,0.0,0.0,0.0,0.0
0,0,1675816030.8573472,,61.0,0.0,0.0,0.0,0.0
0,0,1675816030.95732,,61.0,0.0,0.0,0.0,0.0
0,0,1675816031.0576634,,23.0,0.0,0.0,0.0,0.0
0,0,1675816031.157291,,23.0,0.0,0.0,0.0,0.0
0,0,1675816031.2575185,,23.0,0.0,0.0,0.0,0.0
0,0,1675816031.3576417,,23.0,0.0,0.0,0.0,0.0
0,0,1675816031.4574308,,23.0,0.0,0.0,0.0,0.0
0,0,1675816031.5574536,,23.0,0.0,0.0,0.0,0.0
0,0,1675816031.657412,,23.0,0.0,0.0,0.0,0.0
0,0,1675816031.7579594,,23.0,0.0,0.0,0.0,0.0
0,0,1675816031.8576565,,23.0,0.0,0.0,0.0,0.0
0,0,1675816031.9574096,,23.0,0.0,0.0,0.0,0.0
0,0,1675816032.0575662,,-5.0,0.0,0.0,0.0,0.0
0,0,1675816032.157277,,-5.0,0.0,0.0,0.0,0.0
0,0,1675816032.257379,,-5.0,0.0,0.0,0.0,0.0
0,0,1675816032.357259,,-5.0,0.0,0.0,0.0,0.0
0,0,1675816032.4573383,,-5.0,0.0,0.0,0.0,0.0
0,0,1675816032.5573306,,-5.0,0.0,0.0,0.0,0.0
0,0,1675816032.6574469,,-5.0,0.0,0.0,0.0,0.0
0,0,1675816032.7574651,,-5.0,0.0,0.0,0.0,0.0
0,0,1675816032.8572628,,-5.0,0.0,0.0,0.0,0.0
0,0,1675816032.9573898,,-5.0,0.0,0.0,0.0,0.0
0,0,1675816033.0573528,,-51.0,0.0,0.0,0.0,0.0
0,0,1675816033.1572974,,-51.0,0.0,0.0,0.0,0.0
0,0,1675816033.259366,,-51.0,0.0,0.0,0.0,0.0
0,0,1675816033.3567734,,-51.0,0.0,0.0,0.0,0.0
0,0,1675816033.456925,,-51.0,0.0,0.0,0.0,0.0
0,0,1675816033.5573323,,-51.0,0.0,0.0,0.0,0.0
0,0,1675816033.6574326,,-51.0,0.0,0.0,0.0,0.0
0,0,1675816033.7573278,,-51.0,0.0,0.0,0.0,0.0
0,0,1675816033.8572824,,-51.0,0.0,0.0,0.0,0.0
0,0,1675816033.9573665,,-51.0,0.0,0.0,0.0,0.0
0,0,1675816034.0574977,,0.0,0.0,0.0,0.0,0.0
0,0,1675816034.157237,,0.0,0.0,0.0,0.0,0.0
0,0,1675816034.257236,,0.0,0.0,0.0,0.0,0.0
0,0,1675816034.357513,,0.0,0.0,0.0,0.0,0.0
0,0,1675816034.457321,,0.0,0.0,0.0,0.0,0.0
0,0,1675816034.55725,,0.0,0.0,0.0,0.0,0.0
0,0,1675816034.6572123,,0.0,0.0,0.0,0.0,0.0
0,0,1675816034.7572913,,0.0,0.0,0.0,0.0,0.0
0,0,1675816034.857417,,0.0,0.0,0.0,0.0,0.0
0,0,1675816034.957246,,0.0,0.0,0.0,0.0,0.0
0,0,1675816035.0577307,,53.0,0.0,0.0,0.0,0.0
0,0,1675816035.1574814,,53.0,0.0,0.0,0.0,0.0
0,0,1675816035.2574182,,53.0,0.0,0.0,0.0,0.0
0,0,1675816035.3573139,,53.0,0.0,0.0,0.0,0.0
0,0,1675816035.4573166,,53.0,0.0,0.0,0.0,0.0
0,0,1675816035.5572262,,53.0,0.0,0.0,0.0,0.0
0,0,1675816035.6576033,,53.0,0.0,0.0,0.0,0.0
0,0,1675816035.7574956,,53.0,0.0,0.0,0.0,0.0
0,0,1675816035.857428,,53.0,0.0,0.0,0.0,0.0
0,0,1675816035.9576256,,53.0,0.0,0.0,0.0,0.0
0,0,1675816036.0573883,,27.0,0.0,0.0,0.0,0.0
0,0,1675816036.1574929,,27.0,0.0,0.0,0.0,0.0
0,0,1675816036.257108,,27.0,0.0,0.0,0.0,0.0
0,0,1675816036.3574471,,27.0,0.0,0.0,0.0,0.0
0,0,1675816036.457286,,27.0,0.0,0.0,0.0,0.0
0,0,1675816036.5576377,,27.0,0.0,0.0,0.0,0.0
0,0,1675816036.6572654,,27.0,0.0,0.0,0.0,0.0
0,0,1675816036.7572796,,27.0,0.0,0.0,0.0,0.0
0,0,1675816036.8573642,,27.0,0.0,0.0,0.0,0.0
0,0,1675816036.9576206,,27.0,0.0,0.0,0.0,0.0
0,0,1675816037.0580144,,-64.0,0.0,0.0,0.0,0.0
0,0,1675816037.1576023,,-64.0,0.0,0.0,0.0,0.0
0,0,1675816037.2577357,,-64.0,0.0,0.0,0.0,0.0
0,0,1675816037.3575895,,-64.0,0.0,0.0,0.0,0.0
0,0,1675816037.4575949,,-64.0,0.0,0.0,0.0,0.0
0,0,1675816037.557364,,-64.0,0.0,0.0,0.0,0.0
0,0,1675816037.657454,,-64.0,0.0,0.0,0.0,0.0
0,0,1675816037.7574475,,-64.0,0.0,0.0,0.0,0.0
0,0,1675816037.8573925,,-64.0,0.0,0.0,0.0,0.0
0,0,1675816037.9573643,,-64.0,0.0,0.0,0.0,0.0
0,0,1675816038.057753,,31.0,0.0,0.0,0.0,0.0
0,0,1675816038.1579266,,31.0,0.0,0.0,0.0,0.0
0,0,1675816038.2582057,,31.0,0.0,0.0,0.0,0.0
0,0,1675816038.3579323,,31.0,0.0,0.0,0.0,0.0
0,0,1675816038.4579253,,31.0,0.0,0.0,0.0,0.0
0,0,1675816038.5578794,,31.0,0.0,0.0,0.0,0.0
0,0,1675816038.65772,,31.0,0.0,0.0,0.0,0.0
0,0,1675816038.7579103,,31.0,0.0,0.0,0.0,0.0
0,0,1675816038.8579302,,31.0,0.0,0.0,0.0,0.0
0,0,1675816038.9576309,,31.0,0.0,0.0,0.0,0.0
0,0,1675816039.057923,,-22.0,0.0,0.0,0.0,0.0
0,0,1675816039.1572871,,-22.0,0.0,0.0,0.0,0.0
0,0,1675816039.257203,,-22.0,0.0,0.0,0.0,0.0
0,0,1675816039.3574076,,-22.0,0.0,0.0,0.0,0.0
0,0,1675816039.457462,,-22.0,0.0,0.0,0.0,0.0
0,0,1675816039.5572567,,-22.0,0.0,0.0,0.0,0.0
0,0,1675816039.6572409,,-22.0,0.0,0.0,0.0,0.0
0,0,1675816039.7577095,,-22.0,0.0,0.0,0.0,0.0
0,0,1675816039.8577533,,-22.0,0.0,0.0,0.0,0.0
0,0,1675816039.9578807,,-22.0,0.0,0.0,0.0,0.0
0,0,1675816040.058021,,32.0,0.0,0.0,0.0,0.0
0,0,1675816040.1576617,,32.0,0.0,0.0,0.0,0.0
0,0,1675816040.2574332,,32.0,0.0,0.0,0.0,0.0
0,0,1675816040.3572123,,32.0,0.0,0.0,0.0,0.0
0,0,1675816040.4572337,,32.0,0.0,0.0,0.0,0.0
0,0,1675816040.5572,,32.0,0.0,0.0,0.0,0.0
0,0,1675816040.6572106,,32.0,0.0,0.0,0.0,0.0
0,0,1675816040.7575574,,32.0,0.0,0.0,0.0,0.0
0,0,1675816040.8573537,,32.0,0.0,0.0,0.0,0.0
0,0,1675816040.957433,,32.0,0.0,0.0,0.0,0.0
0,0,1675816041.0574691,,51.0,0.0,0.0,0.0,0.0
0,0,1675816041.157522,,51.0,0.0,0.0,0.0,0.0
0,0,1675816041.2572246,,51.0,0.0,0.0,0.0,0.0
0,0,1675816041.3572147,,51.0,0.0,0.0,0.0,0.0
0,0,1675816041.4575822,,51.0,0.0,0.0,0.0,0.0
0,0,1675816041.5576634,,51.0,0.0,0.0,0.0,0.0
0,0,1675816041.6576328,,51.0,0.0,0.0,0.0,0.0
0,0,1675816041.7576058,,51.0,0.0,0.0,0.0,0.0
0,0,1675816041.8576434,,51.0,0.0,0.0,0.0,0.0
0,0,1675816041.957371,,51.0,0.0,0.0,0.0,0.0
0,0,1675816042.0576613,,49.0,0.0,0.0,0.0,0.0
0,0,1675816042.1572962,,49.0,0.0,0.0,0.0,0.0
0,0,1675816042.2572324,,49.0,0.0,0.0,0.0,0.0
0,0,1675816042.3572755,,49.0,0.0,0.0,0.0,0.0
0,0,1675816042.4572957,,49.0,0.0,0.0,0.0,0.0
0,0,1675816042.5575936,,49.0,0.0,0.0,0.0,0.0
0,0,1675816042.657517,,49.0,0.0,0.0,0.0,0.0
0,0,1675816042.7573402,,49.0,0.0,0.0,0.0,0.0
0,0,1675816042.8572657,,49.0,0.0,0.0,0.0,0.0
0,0,1675816042.9573636,,49.0,0.0,0.0,0.0,0.0
0,0,1675816043.0574377,,44.0,0.0,0.0,0.0,0.0
0,0,1675816043.1571362,,44.0,0.0,0.0,0.0,0.0
0,0,1675816043.257376,,44.0,0.0,0.0,0.0,0.0
0,0,1675816043.3573282,,44.0,0.0,0.0,0.0,0.0
0,0,1675816043.4573002,,44.0,0.0,0.0,0.0,0.0
0,0,1675816043.55745,,44.0,0.0,0.0,0.0,0.0
0,0,1675816043.657321,,44.0,0.0,0.0,0.0,0.0
0,0,1675816043.7572315,,44.0,0.0,0.0,0.0,0.0
0,0,1675816043.857231,,44.0,0.0,0.0,0.0,0.0
0,0,1675816043.9571822,,44.0,0.0,0.0,0.0,0.0
0,0,1675816044.0574324,,-14.0,0.0,0.0,0.0,0.0
0,0,1675816044.1574214,,-14.0,0.0,0.0,0.0,0.0
0,0,1675816044.2578664,,-14.0,0.0,0.0,0.0,0.0
0,0,1675816044.3580291,,-14.0,0.0,0.0,0.0,0.0
0,0,1675816044.458017,,-14.0,0.0,0.0,0.0,0.0
0,0,1675816044.5580146,,-14.0,0.0,0.0,0.0,0.0
0,0,1675816044.658018,,-14.0,0.0,0.0,0.0,0.0
0,0,1675816044.7580519,,-14.0,0.0,0.0,0.0,0.0
0,0,1675816044.8581123,,-14.0,0.0,0.0,0.0,0.0
0,0,1675816044.9575453,,-14.0,0.0,0.0,0.0,0.0
0,0,1675816045.057309,,-30.0,0.0,0.0,0.0,0.0
0,0,1675816045.1576986,,-30.0,0.0,0.0,0.0,0.0
0,0,1675816045.2572436,,-30.0,0.0,0.0,0.0,0.0
0,0,1675816045.3573823,,-30.0,0.0,0.0,0.0,0.0
0,0,1675816045.4571526,,-30.0,0.0,0.0,0.0,0.0
0,0,1675816045.557244,,-30.0,0.0,0.0,0.0,0.0
0,0,1675816045.657306,,-30.0,0.0,0.0,0.0,0.0
0,0,1675816045.7571495,,-30.0,0.0,0.0,0.0,0.0
0,0,1675816045.8571978,,-30.0,0.0,0.0,0.0,0.0
0,0,1675816045.9576633,,-30.0,0.0,0.0,0.0,0.0
0,0,1675816046.057957,,25.0,0.0,0.0,0.0,0.0
0,0,1675816046.1579175,,25.0,0.0,0.0,0.0,0.0
0,0,1675816046.25794,,25.0,0.0,0.0,0.0,0.0
0,0,1675816046.3577166,,25.0,0.0,0.0,0.0,0.0
0,0,1675816046.4576848,,25.0,0.0,0.0,0.0,0.0
0,0,1675816046.5577724,,25.0,0.0,0.0,0.0,0.0
0,0,1675816046.6576629,,25.0,0.0,0.0,0.0,0.0
0,0,1675816046.757299,,25.0,0.0,0.0,0.0,0.0
0,0,1675816046.8577797,,25.0,0.0,0.0,0.0,0.0
0,0,1675816046.957864,,25.0,0.0,0.0,0.0,0.0
0,0,1675816047.0576522,,38.0,0.0,0.0,0.0,0.0
0,0,1675816047.157884,,38.0,0.0,0.0,0.0,0.0
0,0,1675816047.2577026,,38.0,0.0,0.0,0.0,0.0
0,0,1675816047.357693,,38.0,0.0,0.0,0.0,0.0
0,0,1675816047.4571881,,38.0,0.0,0.0,0.0,0.0
0,0,1675816047.5573783,,38.0,0.0,0.0,0.0,0.0
0,0,1675816047.6572797,,38.0,0.0,0.0,0.0,0.0
0,0,1675816047.7573898,,38.0,0.0,0.0,0.0,0.0
0,0,1675816047.8573914,,38.0,0.0,0.0,0.0,0.0
0,0,1675816047.957415,,38.0,0.0,0.0,0.0,0.0
0,0,1675816048.0575492,,38.0,0.0,0.0,0.0,0.0
0,0,1675816048.157189,,38.0,0.0,0.0,0.0,0.0
0,0,1675816048.25773,,38.0,0.0,0.0,0.0,0.0
0,0,1675816048.3567219,,38.0,0.0,0.0,0.0,0.0
0,0,1675816048.456915,,38.0,0.0,0.0,0.0,0.0
0,0,1675816048.5573418,,38.0,0.0,0.0,0.0,0.0
0,0,1675816048.6573112,,38.0,0.0,0.0,0.0,0.0
0,0,1675816048.7572927,,38.0,0.0,0.0,0.0,0.0
0,0,1675816048.8572536,,38.0,0.0,0.0,0.0,0.0
0,0,1675816048.957189,,38.0,0.0,0.0,0.0,0.0
0,0,1675816049.0574567,,57.0,0.0,0.0,0.0,0.0
0,0,1675816049.1573856,,57.0,0.0,0.0,0.0,0.0
0,0,1675816049.257252,,57.0,0.0,0.0,0.0,0.0
0,0,1675816049.3572667,,57.0,0.0,0.0,0.0,0.0
0,0,1675816049.4573243,,57.0,0.0,0.0,0.0,0.0
0,0,1675816049.557195,,57.0,0.0,0.0,0.0,0.0
0,0,1675816049.6571887,,57.0,0.0,0.0,0.0,0.0
0,0,1675816049.7571573,,57.0,0.0,0.0,0.0,0.0
0,0,1675816049.8572192,,57.0,0.0,0.0,0.0,0.0
0,0,1675816049.9572837,,57.0,0.0,0.0,0.0,0.0
0,0,1675816050.057488,,50.0,0.0,0.0,0.0,0.0
0,0,1675816050.1572714,,50.0,0.0,0.0,0.0,0.0
0,0,1675816050.25741,,50.0,0.0,0.0,0.0,0.0
0,0,1675816050.3574033,,50.0,0.0,0.0,0.0,0.0
0,0,1675816050.4574308,,50.0,0.0,0.0,0.0,0.0
0,0,1675816050.5573199,,50.0,0.0,0.0,0.0,0.0
0,0,1675816050.657211,,50.0,0.0,0.0,0.0,0.0
0,0,1675816050.7572143,,50.0,0.0,0.0,0.0,0.0
0,0,1675816050.857187,,50.0,0.0,0.0,0.0,0.0
0,0,1675816050.9571989,,50.0,0.0,0.0,0.0,0.0
0,0,1675816051.0574193,,30.0,0.0,0.0,0.0,0.0
0,0,1675816051.1574075,,30.0,0.0,0.0,0.0,0.0
0,0,1675816051.2575727,,30.0,0.0,0.0,0.0,0.0
0,0,1675816051.35789,,30.0,0.0,0.0,0.0,0.0
0,0,1675816051.457342,,30.0,0.0,0.0,0.0,0.0
0,0,1675816051.5572789,,30.0,0.0,0.0,0.0,0.0
0,0,1675816051.6573906,,30.0,0.0,0.0,0.0,0.0
0,0,1675816051.7572148,,30.0,0.0,0.0,0.0,0.0
0,0,1675816051.857191,,30.0,0.0,0.0,0.0,0.0
0,0,1675816051.9574678,,30.0,0.0,0.0,0.0,0.0
0,0,1675816052.0573385,,-29.0,0.0,0.0,0.0,0.0
0,0,1675816052.1572125,,-29.0,0.0,0.0,0.0,0.0
0,0,1675816052.2571077,,-29.0,0.0,0.0,0.0,0.0
0,0,1675816052.3571506,,-29.0,0.0,0.0,0.0,0.0
0,0,1675816052.4573438,,-29.0,0.0,0.0,0.0,0.0
0,0,1675816052.5572655,,-29.0,0.0,0.0,0.0,0.0
0,0,1675816052.6573422,,-29.0,0.0,0.0,0.0,0.0
0,0,1675816052.7571855,,-29.0,0.0,0.0,0.0,0.0
0,0,1675816052.8571553,,-29.0,0.0,0.0,0.0,0.0
0,0,1675816052.9571779,,-29.0,0.0,0.0,0.0,0.0
0,0,1675816053.0575387,,34.0,0.0,0.0,0.0,0.0
0,0,1675816053.1572032,,34.0,0.0,0.0,0.0,0.0
0,0,1675816053.2571719,,34.0,0.0,0.0,0.0,0.0
0,0,1675816053.357346,,34.0,0.0,0.0,0.0,0.0
0,0,1675816053.4565084,,34.0,0.0,0.0,0.0,0.0
0,0,1675816053.5575957,,34.0,0.0,0.0,0.0,0.0
0,0,1675816053.657598,,34.0,0.0,0.0,0.0,0.0
0,0,1675816053.7575183,,34.0,0.0,0.0,0.0,0.0
0,0,1675816053.8576062,,34.0,0.0,0.0,0.0,0.0
0,0,1675816053.9578748,,34.0,0.0,0.0,0.0,0.0
0,0,1675816054.0573652,,56.0,0.0,0.0,0.0,0.0
0,0,1675816054.1575086,,56.0,0.0,0.0,0.0,0.0
0,0,1675816054.2572875,,56.0,0.0,0.0,0.0,0.0
0,0,1675816054.3572257,,56.0,0.0,0.0,0.0,0.0
0,0,1675816054.4575434,,56.0,0.0,0.0,0.0,0.0
0,0,1675816054.557151,,56.0,0.0,0.0,0.0,0.0
0,0,1675816054.6572354,,56.0,0.0,0.0,0.0,0.0
0,0,1675816054.7571802,,56.0,0.0,0.0,0.0,0.0
0,0,1675816054.8571548,,56.0,0.0,0.0,0.0,0.0
0,0,1675816054.9576166,,56.0,0.0,0.0,0.0,0.0
0,0,1675816055.057388,,-4.0,0.0,0.0,0.0,0.0
0,0,1675816055.1571386,,-4.0,0.0,0.0,0.0,0.0
0,0,1675816055.2571301,,-4.0,0.0,0.0,0.0,0.0
0,0,1675816055.357216,,-4.0,0.0,0.0,0.0,0.0
0,0,1675816055.4576535,,-4.0,0.0,0.0,0.0,0.0
0,0,1675816055.5579667,,-4.0,0.0,0.0,0.0,0.0
0,0,1675816055.657516,,-4.0,0.0,0.0,0.0,0.0
0,0,1675816055.7573986,,-4.0,0.0,0.0,0.0,0.0
0,0,1675816055.857554,,-4.0,0.0,0.0,0.0,0.0
0,0,1675816055.9574172,,-4.0,0.0,0.0,0.0,0.0
0,0,1675816056.057447,,8.0,0.0,0.0,0.0,0.0
0,0,1675816056.1575158,,8.0,0.0,0.0,0.0,0.0
0,0,1675816056.257295,,8.0,0.0,0.0,0.0,0.0
0,0,1675816056.3572059,,8.0,0.0,0.0,0.0,0.0
0,0,1675816056.4573169,,8.0,0.0,0.0,0.0,0.0
0,0,1675816056.5572875,,8.0,0.0,0.0,0.0,0.0
0,0,1675816056.6573915,,8.0,0.0,0.0,0.0,0.0
0,0,1675816056.7572744,,8.0,0.0,0.0,0.0,0.0
0,0,1675816056.8573008,,8.0,0.0,0.0,0.0,0.0
0,0,1675816056.9573867,,8.0,0.0,0.0,0.0,0.0
0,0,1675816057.0575912,,55.0,0.0,0.0,0.0,0.0
0,0,1675816057.1573045,,55.0,0.0,0.0,0.0,0.0
0,0,1675816057.2573242,,55.0,0.0,0.0,0.0,0.0
0,0,1675816057.357306,,55.0,0.0,0.0,0.0,0.0
0,0,1675816057.4573975,,55.0,0.0,0.0,0.0,0.0
0,0,1675816057.557575,,55.0,0.0,0.0,0.0,0.0
0,0,1675816057.6574397,,55.0,0.0,0.0,0.0,0.0
0,0,1675816057.757568,,55.0,0.0,0.0,0.0,0.0
0,0,1675816057.857515,,55.0,0.0,0.0,0.0,0.0
0,0,1675816057.9573493,,55.0,0.0,0.0,0.0,0.0
0,0,1675816058.057934,,46.0,0.0,0.0,0.0,0.0
0,0,1675816058.1576133,,46.0,0.0,0.0,0.0,0.0
0,0,1675816058.2581396,,46.0,0.0,0.0,0.0,0.0
0,0,1675816058.3576126,,46.0,0.0,0.0,0.0,0.0
0,0,1675816058.457781,,46.0,0.0,0.0,0.0,0.0
0,0,1675816058.556381,,46.0,0.0,0.0,0.0,0.0
0,0,1675816058.6575055,,46.0,0.0,0.0,0.0,0.0
0,0,1675816058.757253,,46.0,0.0,0.0,0.0,0.0
0,0,1675816058.8573463,,46.0,0.0,0.0,0.0,0.0
0,0,1675816058.957706,,46.0,0.0,0.0,0.0,0.0
0,0,1675816059.0578337,,-14.0,0.0,0.0,0.0,0.0
0,0,1675816059.1580982,,-14.0,0.0,0.0,0.0,0.0
0,0,1675816059.2577302,,-14.0,0.0,0.0,0.0,0.0
0,0,1675816059.3577092,,-14.0,0.0,0.0,0.0,0.0
0,0,1675816059.4578688,,-14.0,0.0,0.0,0.0,0.0
0,0,1675816059.5578737,,-14.0,0.0,0.0,0.0,0.0
0,0,1675816059.657703,,-14.0,0.0,0.0,0.0,0.0
0,0,1675816059.7577248,,-14.0,0.0,0.0,0.0,0.0
0,0,1675816059.857628,,-14.0,0.0,0.0,0.0,0.0
0,0,1675816059.9575682,,-14.0,0.0,0.0,0.0,0.0
0,0,1675816060.0579915,,68.0,0.0,0.0,0.0,0.0
0,0,1675816060.157778,,68.0,0.0,0.0,0.0,0.0
0,0,1675816060.2576616,,68.0,0.0,0.0,0.0,0.0
0,0,1675816060.3576715,,68.0,0.0,0.0,0.0,0.0
0,0,1675816060.4579446,,68.0,0.0,0.0,0.0,0.0
0,0,1675816060.5574362,,68.0,0.0,0.0,0.0,0.0
0,0,1675816060.6573954,,68.0,0.0,0.0,0.0,0.0
0,0,1675816060.75736,,68.0,0.0,0.0,0.0,0.0
0,0,1675816060.85739,,68.0,0.0,0.0,0.0,0.0
0,0,1675816060.9573717,,68.0,0.0,0.0,0.0,0.0
0,0,1675816061.057442,,-56.0,0.0,0.0,0.0,0.0
0,0,1675816061.1572523,,-56.0,0.0,0.0,0.0,0.0
0,0,1675816061.257351,,-56.0,0.0,0.0,0.0,0.0
0,0,1675816061.3572395,,-56.0,0.0,0.0,0.0,0.0
0,0,1675816061.457288,,-56.0,0.0,0.0,0.0,0.0
0,0,1675816061.55722,,-56.0,0.0,0.0,0.0,0.0
0,0,1675816061.6572275,,-56.0,0.0,0.0,0.0,0.0
0,0,1675816061.7574632,,-56.0,0.0,0.0,0.0,0.0
0,0,1675816061.8572628,,-56.0,0.0,0.0,0.0,0.0
0,0,1675816061.95737,,-56.0,0.0,0.0,0.0,0.0
0,0,1675816062.0573967,,-74.0,0.0,0.0,0.0,0.0
0,0,1675816062.157805,,-74.0,0.0,0.0,0.0,0.0
0,0,1675816062.2577834,,-74.0,0.0,0.0,0.0,0.0
0,0,1675816062.3574781,,-74.0,0.0,0.0,0.0,0.0
0,0,1675816062.4576643,,-74.0,0.0,0.0,0.0,0.0
0,0,1675816062.5576587,,-74.0,0.0,0.0,0.0,0.0
0,0,1675816062.6581106,,-74.0,0.0,0.0,0.0,0.0
0,0,1675816062.757786,,-74.0,0.0,0.0,0.0,0.0
0,0,1675816062.857446,,-74.0,0.0,0.0,0.0,0.0
0,0,1675816062.957624,,-74.0,0.0,0.0,0.0,0.0
0,0,1675816063.0574734,,8.0,0.0,0.0,0.0,0.0
0,0,1675816063.1575031,,8.0,0.0,0.0,0.0,0.0
0,0,1675816063.2573864,,8.0,0.0,0.0,0.0,0.0
0,0,1675816063.3573353,,8.0,0.0,0.0,0.0,0.0
0,0,1675816063.458069,,8.0,0.0,0.0,0.0,0.0
0,0,1675816063.5580575,,8.0,0.0,0.0,0.0,0.0
0,0,1675816063.6569107,,8.0,0.0,0.0,0.0,0.0
0,0,1675816063.7580209,,8.0,0.0,0.0,0.0,0.0
0,0,1675816063.8575747,,8.0,0.0,0.0,0.0,0.0
0,0,1675816063.9580464,,8.0,0.0,0.0,0.0,0.0
0,0,1675816064.0578609,,-23.0,0.0,0.0,0.0,0.0
0,0,1675816064.1574662,,-23.0,0.0,0.0,0.0,0.0
0,0,1675816064.2579849,,-23.0,0.0,0.0,0.0,0.0
0,0,1675816064.3582165,,-23.0,0.0,0.0,0.0,0.0
0,0,1675816064.4573123,,-23.0,0.0,0.0,0.0,0.0
0,0,1675816064.5572655,,-23.0,0.0,0.0,0.0,0.0
0,0,1675816064.6574674,,-23.0,0.0,0.0,0.0,0.0
0,0,1675816064.75747,,-23.0,0.0,0.0,0.0,0.0
0,0,1675816064.8574812,,-23.0,0.0,0.0,0.0,0.0
0,0,1675816064.9573715,,-23.0,0.0,0.0,0.0,0.0
0,0,1675816065.0574086,,41.0,0.0,0.0,0.0,0.0
0,0,1675816065.1572948,,41.0,0.0,0.0,0.0,0.0
0,0,1675816065.2575984,,41.0,0.0,0.0,0.0,0.0
0,0,1675816065.3574743,,41.0,0.0,0.0,0.0,0.0
0,0,1675816065.457717,,41.0,0.0,0.0,0.0,0.0
0,0,1675816065.5575159,,41.0,0.0,0.0,0.0,0.0
0,0,1675816065.6576252,,41.0,0.0,0.0,0.0,0.0
0,0,1675816065.7575157,,41.0,0.0,0.0,0.0,0.0
0,0,1675816065.8574083,,41.0,0.0,0.0,0.0,0.0
0,0,1675816065.9578104,,41.0,0.0,0.0,0.0,0.0
0,0,1675816066.057528,,-44.0,0.0,0.0,0.0,0.0
0,0,1675816066.15768,,-44.0,0.0,0.0,0.0,0.0
0,0,1675816066.2580829,,-44.0,0.0,0.0,0.0,0.0
0,0,1675816066.3575869,,-44.0,0.0,0.0,0.0,0.0
0,0,1675816066.4576387,,-44.0,0.0,0.0,0.0,0.0
0,0,1675816066.5575905,,-44.0,0.0,0.0,0.0,0.0
0,0,1675816066.6575148,,-44.0,0.0,0.0,0.0,0.0
0,0,1675816066.7576256,,-44.0,0.0,0.0,0.0,0.0
0,0,1675816066.857748,,-44.0,0.0,0.0,0.0,0.0
0,0,1675816066.9574132,,-44.0,0.0,0.0,0.0,0.0
0,0,1675816067.0573194,,62.0,0.0,0.0,0.0,0.0
0,0,1675816067.157337,,62.0,0.0,0.0,0.0,0.0
0,0,1675816067.2573116,,62.0,0.0,0.0,0.0,0.0
0,0,1675816067.3574157,,62.0,0.0,0.0,0.0,0.0
0,0,1675816067.4573584,,62.0,0.0,0.0,0.0,0.0
0,0,1675816067.557344,,62.0,0.0,0.0,0.0,0.0
0,0,1675816067.657419,,62.0,0.0,0.0,0.0,0.0
0,0,1675816067.757455,,62.0,0.0,0.0,0.0,0.0
0,0,1675816067.857293,,62.0,0.0,0.0,0.0,0.0
0,0,1675816067.95771,,62.0,0.0,0.0,0.0,0.0
0,0,1675816068.0574746,,-11.0,0.0,0.0,0.0,0.0
0,0,1675816068.1572685,,-11.0,0.0,0.0,0.0,0.0
0,0,1675816068.257258,,-11.0,0.0,0.0,0.0,0.0
0,0,1675816068.3574777,,-11.0,0.0,0.0,0.0,0.0
0,0,1675816068.457353,,-11.0,0.0,0.0,0.0,0.0
0,0,1675816068.557341,,-11.0,0.0,0.0,0.0,0.0
0,0,1675816068.6573493,,-11.0,0.0,0.0,0.0,0.0
0,0,1675816068.7567308,,-11.0,0.0,0.0,0.0,0.0
0,0,1675816068.8573081,,-11.0,0.0,0.0,0.0,0.0
0,0,1675816068.957355,,-11.0,0.0,0.0,0.0,0.0
0,0,1675816069.0578122,,26.0,0.0,0.0,0.0,0.0
0,0,1675816069.1577218,,26.0,0.0,0.0,0.0,0.0
0,0,1675816069.2576263,,26.0,0.0,0.0,0.0,0.0
0,0,1675816069.3575435,,26.0,0.0,0.0,0.0,0.0
0,0,1675816069.4577384,,26.0,0.0,0.0,0.0,0.0
0,0,1675816069.5573778,,26.0,0.0,0.0,0.0,0.0
0,0,1675816069.6573272,,26.0,0.0,0.0,0.0,0.0
0,0,1675816069.7574825,,26.0,0.0,0.0,0.0,0.0
0,0,1675816069.8574426,,26.0,0.0,0.0,0.0,0.0
0,0,1675816069.95762,,26.0,0.0,0.0,0.0,0.0
0,0,1675816070.0576522,,-13.0,0.0,0.0,0.0,0.0
0,0,1675816070.157497,,-13.0,0.0,0.0,0.0,0.0
0,0,1675816070.2575366,,-13.0,0.0,0.0,0.0,0.0
0,0,1675816070.357534,,-13.0,0.0,0.0,0.0,0.0
0,0,1675816070.4577463,,-13.0,0.0,0.0,0.0,0.0
0,0,1675816070.5574787,,-13.0,0.0,0.0,0.0,0.0
0,0,1675816070.6576054,,-13.0,0.0,0.0,0.0,0.0
0,0,1675816070.757629,,-13.0,0.0,0.0,0.0,0.0
0,0,1675816070.85734,,-13.0,0.0,0.0,0.0,0.0
0,0,1675816070.9573941,,-13.0,0.0,0.0,0.0,0.0
0,0,1675816071.057562,,4.0,0.0,0.0,0.0,0.0
0,0,1675816071.1572733,,4.0,0.0,0.0,0.0,0.0
0,0,1675816071.2573414,,4.0,0.0,0.0,0.0,0.0
0,0,1675816071.3576427,,4.0,0.0,0.0,0.0,0.0
0,0,1675816071.4576752,,4.0,0.0,0.0,0.0,0.0
0,0,1675816071.5574152,,4.0,0.0,0.0,0.0,0.0
0,0,1675816071.6573203,,4.0,0.0,0.0,0.0,0.0
0,0,1675816071.757545,,4.0,0.0,0.0,0.0,0.0
0,0,1675816071.8574898,,4.0,0.0,0.0,0.0,0.0
0,0,1675816071.9573612,,4.0,0.0,0.0,0.0,0.0
0,0,1675816072.0578196,,71.0,0.0,0.0,0.0,0.0
0,0,1675816072.1575403,,71.0,0.0,0.0,0.0,0.0
0,0,1675816072.2575002,,71.0,0.0,0.0,0.0,0.0
0,0,1675816072.3572936,,71.0,0.0,0.0,0.0,0.0
0,0,1675816072.4575963,,71.0,0.0,0.0,0.0,0.0
0,0,1675816072.557506,,71.0,0.0,0.0,0.0,0.0
0,0,1675816072.6574,,71.0,0.0,0.0,0.0,0.0
0,0,1675816072.7573316,,71.0,0.0,0.0,0.0,0.0
0,0,1675816072.8573864,,71.0,0.0,0.0,0.0,0.0
0,0,1675816072.9574456,,71.0,0.0,0.0,0.0,0.0
0,0,1675816073.0575788,,-65.0,0.0,0.0,0.0,0.0
0,0,1675816073.1572733,,-65.0,0.0,0.0,0.0,0.0
0,0,1675816073.25743,,-65.0,0.0,0.0,0.0,0.0
0,0,1675816073.3575318,,-65.0,0.0,0.0,0.0,0.0
0,0,1675816073.4575562,,-65.0,0.0,0.0,0.0,0.0
0,0,1675816073.5575266,,-65.0,0.0,0.0,0.0,0.0
0,0,1675816073.6575365,,-65.0,0.0,0.0,0.0,0.0
0,0,1675816073.7574759,,-65.0,0.0,0.0,0.0,0.0
0,0,1675816073.8573563,,-65.0,0.0,0.0,0.0,0.0
0,0,1675816073.9575703,,-65.0,0.0,0.0,0.0,0.0
0,0,1675816074.0574589,,13.0,0.0,0.0,0.0,0.0
0,0,1675816074.1573927,,13.0,0.0,0.0,0.0,0.0
0,0,1675816074.2572675,,13.0,0.0,0.0,0.0,0.0
0,0,1675816074.3575416,,13.0,0.0,0.0,0.0,0.0
0,0,1675816074.4577947,,13.0,0.0,0.0,0.0,0.0
0,0,1675816074.5574052,,13.0,0.0,0.0,0.0,0.0
0,0,1675816074.6575058,,13.0,0.0,0.0,0.0,0.0
0,0,1675816074.7575,,13.0,0.0,0.0,0.0,0.0
0,0,1675816074.8575106,,13.0,0.0,0.0,0.0,0.0
0,0,1675816074.957484,,13.0,0.0,0.0,0.0,0.0
0,0,1675816075.0574813,,20.0,0.0,0.0,0.0,0.0
0,0,1675816075.1573405,,20.0,0.0,0.0,0.0,0.0
0,0,1675816075.2572777,,20.0,0.0,0.0,0.0,0.0
0,0,1675816075.357372,,20.0,0.0,0.0,0.0,0.0
0,0,1675816075.4573705,,20.0,0.0,0.0,0.0,0.0
0,0,1675816075.5574162,,20.0,0.0,0.0,0.0,0.0
0,0,1675816075.6574237,,20.0,0.0,0.0,0.0,0.0
0,0,1675816075.7576013,,20.0,0.0,0.0,0.0,0.0
0,0,1675816075.8573785,,20.0,0.0,0.0,0.0,0.0
0,0,1675816075.9577618,,20.0,0.0,0.0,0.0,0.0
0,0,1675816076.0578096,,64.0,0.0,0.0,0.0,0.0
0,0,1675816076.1577666,,64.0,0.0,0.0,0.0,0.0
0,0,1675816076.257949,,64.0,0.0,0.0,0.0,0.0
0,0,1675816076.3574548,,64.0,0.0,0.0,0.0,0.0
0,0,1675816076.4578414,,64.0,0.0,0.0,0.0,0.0
0,0,1675816076.5573466,,64.0,0.0,0.0,0.0,0.0
0,0,1675816076.657403,,64.0,0.0,0.0,0.0,0.0
0,0,1675816076.7582324,,64.0,0.0,0.0,0.0,0.0
0,0,1675816076.858082,,64.0,0.0,0.0,0.0,0.0
0,0,1675816076.9582229,,64.0,0.0,0.0,0.0,0.0
0,0,1675816077.0580747,,35.0,0.0,0.0,0.0,0.0
0,0,1675816077.1581347,,35.0,0.0,0.0,0.0,0.0
0,0,1675816077.258094,,35.0,0.0,0.0,0.0,0.0
0,0,1675816077.3576446,,35.0,0.0,0.0,0.0,0.0
0,0,1675816077.4572165,,35.0,0.0,0.0,0.0,0.0
0,0,1675816077.5580156,,35.0,0.0,0.0,0.0,0.0
0,0,1675816077.6581845,,35.0,0.0,0.0,0.0,0.0
0,0,1675816077.7576568,,35.0,0.0,0.0,0.0,0.0
0,0,1675816077.8578358,,35.0,0.0,0.0,0.0,0.0
0,0,1675816077.9578967,,35.0,0.0,0.0,0.0,0.0
0,0,1675816078.0577207,,41.0,0.0,0.0,0.0,0.0
0,0,1675816078.157806,,41.0,0.0,0.0,0.0,0.0
0,0,1675816078.257545,,41.0,0.0,0.0,0.0,0.0
0,0,1675816078.3575332,,41.0,0.0,0.0,0.0,0.0
0,0,1675816078.4579706,,41.0,0.0,0.0,0.0,0.0
0,0,1675816078.5575972,,41.0,0.0,0.0,0.0,0.0
0,0,1675816078.6577363,,41.0,0.0,0.0,0.0,0.0
0,0,1675816078.7577472,,41.0,0.0,0.0,0.0,0.0
0,0,1675816078.8575635,,41.0,0.0,0.0,0.0,0.0
0,0,1675816078.958083,,41.0,0.0,0.0,0.0,0.0
0,0,1675816079.0573308,,-51.0,0.0,0.0,0.0,0.0
0,0,1675816079.1576104,,-51.0,0.0,0.0,0.0,0.0
0,0,1675816079.2578745,,-51.0,0.0,0.0,0.0,0.0
0,0,1675816079.3574107,,-51.0,0.0,0.0,0.0,0.0
0,0,1675816079.4573467,,-51.0,0.0,0.0,0.0,0.0
0,0,1675816079.5578527,,-51.0,0.0,0.0,0.0,0.0
0,0,1675816079.6578283,,-51.0,0.0,0.0,0.0,0.0
0,0,1675816079.7579348,,-51.0,0.0,0.0,0.0,0.0
0,0,1675816079.8579361,,-51.0,0.0,0.0,0.0,0.0
0,0,1675816079.95801,,-51.0,0.0,0.0,0.0,0.0
0,0,1675816080.0576274,,67.0,0.0,0.0,0.0,0.0
0,0,1675816080.1574266,,67.0,0.0,0.0,0.0,0.0
0,0,1675816080.2577083,,67.0,0.0,0.0,0.0,0.0
0,0,1675816080.3576596,,67.0,0.0,0.0,0.0,0.0
0,0,1675816080.457913,,67.0,0.0,0.0,0.0,0.0
0,0,1675816080.557666,,67.0,0.0,0.0,0.0,0.0
0,0,1675816080.657751,,67.0,0.0,0.0,0.0,0.0
0,0,1675816080.75757,,67.0,0.0,0.0,0.0,0.0
0,0,1675816080.8574684,,67.0,0.0,0.0,0.0,0.0
0,0,1675816080.9579415,,67.0,0.0,0.0,0.0,0.0
0,0,1675816081.0584238,,67.0,0.0,0.0,0.0,0.0
0,0,1675816081.157517,,67.0,0.0,0.0,0.0,0.0
0,0,1675816081.258243,,67.0,0.0,0.0,0.0,0.0
0,0,1675816081.357788,,67.0,0.0,0.0,0.0,0.0
0,0,1675816081.4585147,,67.0,0.0,0.0,0.0,0.0
0,0,1675816081.5579357,,67.0,0.0,0.0,0.0,0.0
0,0,1675816081.6575477,,67.0,0.0,0.0,0.0,0.0
0,0,1675816081.7574732,,67.0,0.0,0.0,0.0,0.0
0,0,1675816081.8574483,,67.0,0.0,0.0,0.0,0.0
0,0,1675816081.9578495,,67.0,0.0,0.0,0.0,0.0
0,0,1675816082.0575,,15.0,0.0,0.0,0.0,0.0
0,0,1675816082.1577346,,15.0,0.0,0.0,0.0,0.0
0,0,1675816082.2575011,,15.0,0.0,0.0,0.0,0.0
0,0,1675816082.357366,,15.0,0.0,0.0,0.0,0.0
0,0,1675816082.4578366,,15.0,0.0,0.0,0.0,0.0
0,0,1675816082.557582,,15.0,0.0,0.0,0.0,0.0
0,0,1675816082.6575806,,15.0,0.0,0.0,0.0,0.0
0,0,1675816082.7578435,,15.0,0.0,0.0,0.0,0.0
0,0,1675816082.8576424,,15.0,0.0,0.0,0.0,0.0
0,0,1675816082.9578993,,15.0,0.0,0.0,0.0,0.0
0,0,1675816083.0574298,,74.0,0.0,0.0,0.0,0.0
0,0,1675816083.1575916,,74.0,0.0,0.0,0.0,0.0
0,0,1675816083.2574053,,74.0,0.0,0.0,0.0,0.0
0,0,1675816083.357415,,74.0,0.0,0.0,0.0,0.0
0,0,1675816083.4580805,,74.0,0.0,0.0,0.0,0.0
0,0,1675816083.5579247,,74.0,0.0,0.0,0.0,0.0
0,0,1675816083.6572165,,74.0,0.0,0.0,0.0,0.0
0,0,1675816083.7574544,,74.0,0.0,0.0,0.0,0.0
0,0,1675816083.8578644,,74.0,0.0,0.0,0.0,0.0
0,0,1675816083.958007,,74.0,0.0,0.0,0.0,0.0
0,0,1675816084.0580366,,-77.0,0.0,0.0,0.0,0.0
0,0,1675816084.1582472,,-77.0,0.0,0.0,0.0,0.0
0,0,1675816084.2576969,,-77.0,0.0,0.0,0.0,0.0
0,0,1675816084.3581233,,-77.0,0.0,0.0,0.0,0.0
0,0,1675816084.457929,,-77.0,0.0,0.0,0.0,0.0
0,0,1675816084.5578365,,-77.0,0.0,0.0,0.0,0.0
0,0,1675816084.657824,,-77.0,0.0,0.0,0.0,0.0
0,0,1675816084.7579274,,-77.0,0.0,0.0,0.0,0.0
0,0,1675816084.857604,,-77.0,0.0,0.0,0.0,0.0
0,0,1675816084.9577901,,-77.0,0.0,0.0,0.0,0.0
0,0,1675816085.0573392,,17.0,0.0,0.0,0.0,0.0
0,0,1675816085.1572816,,17.0,0.0,0.0,0.0,0.0
0,0,1675816085.2572942,,17.0,0.0,0.0,0.0,0.0
0,0,1675816085.3574896,,17.0,0.0,0.0,0.0,0.0
0,0,1675816085.4571733,,17.0,0.0,0.0,0.0,0.0
0,0,1675816085.5575616,,17.0,0.0,0.0,0.0,0.0
0,0,1675816085.6575737,,17.0,0.0,0.0,0.0,0.0
0,0,1675816085.757525,,17.0,0.0,0.0,0.0,0.0
0,0,1675816085.8579009,,17.0,0.0,0.0,0.0,0.0
0,0,1675816085.958037,,17.0,0.0,0.0,0.0,0.0
0,0,1675816086.0580184,,-1.0,0.0,0.0,0.0,0.0
0,0,1675816086.1580007,,-1.0,0.0,0.0,0.0,0.0
0,0,1675816086.2579203,,-1.0,0.0,0.0,0.0,0.0
0,0,1675816086.357962,,-1.0,0.0,0.0,0.0,0.0
0,0,1675816086.4584532,,-1.0,0.0,0.0,0.0,0.0
0,0,1675816086.558435,,-1.0,0.0,0.0,0.0,0.0
0,0,1675816086.6583457,,-1.0,0.0,0.0,0.0,0.0
0,0,1675816086.7583158,,-1.0,0.0,0.0,0.0,0.0
0,0,1675816086.8583412,,-1.0,0.0,0.0,0.0,0.0
0,0,1675816086.9583254,,-1.0,0.0,0.0,0.0,0.0
0,0,1675816087.0583458,,-18.0,0.0,0.0,0.0,0.0
0,0,1675816087.158396,,-18.0,0.0,0.0,0.0,0.0
0,0,1675816087.258386,,-18.0,0.0,0.0,0.0,0.0
0,0,1675816087.3583355,,-18.0,0.0,0.0,0.0,0.0
0,0,1675816087.4578657,,-18.0,0.0,0.0,0.0,0.0
0,0,1675816087.557898,,-18.0,0.0,0.0,0.0,0.0
0,0,1675816087.6579254,,-18.0,0.0,0.0,0.0,0.0
0,0,1675816087.758231,,-18.0,0.0,0.0,0.0,0.0
0,0,1675816087.8583934,,-18.0,0.0,0.0,0.0,0.0
0,0,1675816087.9578512,,-18.0,0.0,0.0,0.0,0.0
0,0,1675816088.057803,,-58.0,0.0,0.0,0.0,0.0
0,0,1675816088.1578434,,-58.0,0.0,0.0,0.0,0.0
0,0,1675816088.2578063,,-58.0,0.0,0.0,0.0,0.0
0,0,1675816088.3578043,,-58.0,0.0,0.0,0.0,0.0
0,0,1675816088.4582188,,-58.0,0.0,0.0,0.0,0.0
0,0,1675816088.5579507,,-58.0,0.0,0.0,0.0,0.0
0,0,1675816088.6580026,,-58.0,0.0,0.0,0.0,0.0
0,0,1675816088.7578437,,-58.0,0.0,0.0,0.0,0.0
0,0,1675816088.8580036,,-58.0,0.0,0.0,0.0,0.0
0,0,1675816088.9579277,,-58.0,0.0,0.0,0.0,0.0
0,0,1675816089.0579832,,18.0,0.0,0.0,0.0,0.0
0,0,1675816089.158296,,18.0,0.0,0.0,0.0,0.0
0,0,1675816089.2582715,,18.0,0.0,0.0,0.0,0.0
0,0,1675816089.3583403,,18.0,0.0,0.0,0.0,0.0
0,0,1675816089.4581044,,18.0,0.0,0.0,0.0,0.0
0,0,1675816089.558011,,18.0,0.0,0.0,0.0,0.0
0,0,1675816089.6579885,,18.0,0.0,0.0,0.0,0.0
0,0,1675816089.7577846,,18.0,0.0,0.0,0.0,0.0
0,0,1675816089.8579926,,18.0,0.0,0.0,0.0,0.0
0,0,1675816089.9580555,,18.0,0.0,0.0,0.0,0.0
0,0,1675816090.0579886,,-68.0,0.0,0.0,0.0,0.0
0,0,1675816090.1580644,,-68.0,0.0,0.0,0.0,0.0
0,0,1675816090.2579882,,-68.0,0.0,0.0,0.0,0.0
0,0,1675816090.357875,,-68.0,0.0,0.0,0.0,0.0
0,0,1675816090.4578,,-68.0,0.0,0.0,0.0,0.0
0,0,1675816090.5578246,,-68.0,0.0,0.0,0.0,0.0
0,0,1675816090.658219,,-68.0,0.0,0.0,0.0,0.0
0,0,1675816090.758012,,-68.0,0.0,0.0,0.0,0.0
0,0,1675816090.8581064,,-68.0,0.0,0.0,0.0,0.0
0,0,1675816090.957818,,-68.0,0.0,0.0,0.0,0.0
0,0,1675816091.0577977,,-30.0,0.0,0.0,0.0,0.0
0,0,1675816091.157915,,-30.0,0.0,0.0,0.0,0.0
0,0,1675816091.2578495,,-30.0,0.0,0.0,0.0,0.0
0,0,1675816091.357849,,-30.0,0.0,0.0,0.0,0.0
0,0,1675816091.4578245,,-30.0,0.0,0.0,0.0,0.0
0,0,1675816091.557767,,-30.0,0.0,0.0,0.0,0.0
0,0,1675816091.657783,,-30.0,0.0,0.0,0.0,0.0
0,0,1675816091.7577677,,-30.0,0.0,0.0,0.0,0.0
0,0,1675816091.8578274,,-30.0,0.0,0.0,0.0,0.0
0,0,1675816091.9581118,,-30.0,0.0,0.0,0.0,0.0
0,0,1675816092.0582256,,13.0,0.0,0.0,0.0,0.0
0,0,1675816092.157814,,13.0,0.0,0.0,0.0,0.0
0,0,1675816092.2577014,,13.0,0.0,0.0,0.0,0.0
0,0,1675816092.3577354,,13.0,0.0,0.0,0.0,0.0
0,0,1675816092.4580028,,13.0,0.0,0.0,0.0,0.0
0,0,1675816092.5580008,,13.0,0.0,0.0,0.0,0.0
0,0,1675816092.657987,,13.0,0.0,0.0,0.0,0.0
0,0,1675816092.7579398,,13.0,0.0,0.0,0.0,0.0
0,0,1675816092.8580678,,13.0,0.0,0.0,0.0,0.0
0,0,1675816092.957909,,13.0,0.0,0.0,0.0,0.0
0,0,1675816093.0578885,,59.0,0.0,0.0,0.0,0.0
0,0,1675816093.157941,,59.0,0.0,0.0,0.0,0.0
0,0,1675816093.2581768,,59.0,0.0,0.0,0.0,0.0
0,0,1675816093.3581312,,59.0,0.0,0.0,0.0,0.0
0,0,1675816093.4577873,,59.0,0.0,0.0,0.0,0.0
0,0,1675816093.5583112,,59.0,0.0,0.0,0.0,0.0
0,0,1675816093.6580637,,59.0,0.0,0.0,0.0,0.0
0,0,1675816093.7582722,,59.0,0.0,0.0,0.0,0.0
0,0,1675816093.858225,,59.0,0.0,0.0,0.0,0.0
0,0,1675816093.957691,,59.0,0.0,0.0,0.0,0.0
0,0,1675816094.0585506,,13.0,0.0,0.0,0.0,0.0
0,0,1675816094.1586242,,13.0,0.0,0.0,0.0,0.0
0,0,1675816094.2580538,,13.0,0.0,0.0,0.0,0.0
0,0,1675816094.3579404,,13.0,0.0,0.0,0.0,0.0
0,0,1675816094.458026,,13.0,0.0,0.0,0.0,0.0
0,0,1675816094.5580084,,13.0,0.0,0.0,0.0,0.0
0,0,1675816094.6580362,,13.0,0.0,0.0,0.0,0.0
0,0,1675816094.7579362,,13.0,0.0,0.0,0.0,0.0
0,0,1675816094.8579905,,13.0,0.0,0.0,0.0,0.0
0,0,1675816094.9581785,,13.0,0.0,0.0,0.0,0.0
0,0,1675816095.0580072,,-17.0,0.0,0.0,0.0,0.0
0,0,1675816095.1580043,,-17.0,0.0,0.0,0.0,0.0
0,0,1675816095.2580383,,-17.0,0.0,0.0,0.0,0.0
0,0,1675816095.3580327,,-17.0,0.0,0.0,0.0,0.0
0,0,1675816095.457978,,-17.0,0.0,0.0,0.0,0.0
0,0,1675816095.5579693,,-17.0,0.0,0.0,0.0,0.0
0,0,1675816095.6582923,,-17.0,0.0,0.0,0.0,0.0
0,0,1675816095.7569025,,-17.0,0.0,0.0,0.0,0.0
0,0,1675816095.8581316,,-17.0,0.0,0.0,0.0,0.0
0,0,1675816095.9576676,,-17.0,0.0,0.0,0.0,0.0
0,0,1675816096.0583003,,72.0,0.0,0.0,0.0,0.0
0,0,1675816096.1579788,,72.0,0.0,0.0,0.0,0.0
0,0,1675816096.2583704,,72.0,0.0,0.0,0.0,0.0
0,0,1675816096.358349,,72.0,0.0,0.0,0.0,0.0
0,0,1675816096.4590156,,72.0,0.0,0.0,0.0,0.0
0,0,1675816096.558436,,72.0,0.0,0.0,0.0,0.0
0,0,1675816096.6585236,,72.0,0.0,0.0,0.0,0.0
0,0,1675816096.7584128,,72.0,0.0,0.0,0.0,0.0
0,0,1675816096.8585105,,72.0,0.0,0.0,0.0,0.0
0,0,1675816096.9581234,,72.0,0.0,0.0,0.0,0.0
0,0,1675816097.0580215,,6.0,0.0,0.0,0.0,0.0
0,0,1675816097.1580014,,6.0,0.0,0.0,0.0,0.0
0,0,1675816097.2579913,,6.0,0.0,0.0,0.0,0.0
0,0,1675816097.357962,,6.0,0.0,0.0,0.0,0.0
0,0,1675816097.4573624,,6.0,0.0,0.0,0.0,0.0
0,0,1675816097.5577629,,6.0,0.0,0.0,0.0,0.0
0,0,1675816097.6576934,,6.0,0.0,0.0,0.0,0.0
0,0,1675816097.7578554,,6.0,0.0,0.0,0.0,0.0
0,0,1675816097.8579574,,6.0,0.0,0.0,0.0,0.0
0,0,1675816097.9583902,,6.0,0.0,0.0,0.0,0.0
0,0,1675816098.0578883,,47.0,0.0,0.0,0.0,0.0
0,0,1675816098.157806,,47.0,0.0,0.0,0.0,0.0
0,0,1675816098.2578626,,47.0,0.0,0.0,0.0,0.0
0,0,1675816098.3577704,,47.0,0.0,0.0,0.0,0.0
0,0,1675816098.4578922,,47.0,0.0,0.0,0.0,0.0
0,0,1675816098.5578053,,47.0,0.0,0.0,0.0,0.0
0,0,1675816098.6578217,,47.0,0.0,0.0,0.0,0.0
0,0,1675816098.758011,,47.0,0.0,0.0,0.0,0.0
0,0,1675816098.8577874,,47.0,0.0,0.0,0.0,0.0
0,0,1675816098.957887,,47.0,0.0,0.0,0.0,0.0
0,0,1675816099.057943,,15.0,0.0,0.0,0.0,0.0
0,0,1675816099.1578624,,15.0,0.0,0.0,0.0,0.0
0,0,1675816099.2585492,,15.0,0.0,0.0,0.0,0.0
0,0,1675816099.3584156,,15.0,0.0,0.0,0.0,0.0
0,0,1675816099.4585297,,15.0,0.0,0.0,0.0,0.0
0,0,1675816099.5585005,,15.0,0.0,0.0,0.0,0.0
0,0,1675816099.658482,,15.0,0.0,0.0,0.0,0.0
0,0,1675816099.7584548,,15.0,0.0,0.0,0.0,0.0
0,0,1675816099.8585496,,15.0,0.0,0.0,0.0,0.0
0,0,1675816099.9585729,,15.0,0.0,0.0,0.0,0.0
0,0,1675816100.058533,,-6.0,0.0,0.0,0.0,0.0
0,0,1675816100.1579707,,-6.0,0.0,0.0,0.0,0.0
0,0,1675816100.2580369,,-6.0,0.0,0.0,0.0,0.0
0,0,1675816100.358038,,-6.0,0.0,0.0,0.0,0.0
0,0,1675816100.4580784,,-6.0,0.0,0.0,0.0,0.0
0,0,1675816100.5585873,,-6.0,0.0,0.0,0.0,0.0
0,0,1675816100.6578324,,-6.0,0.0,0.0,0.0,0.0
0,0,1675816100.7578132,,-6.0,0.0,0.0,0.0,0.0
0,0,1675816100.8578262,,-6.0,0.0,0.0,0.0,0.0
0,0,1675816100.9578907,,-6.0,0.0,0.0,0.0,0.0
0,0,1675816101.0579996,,12.0,0.0,0.0,0.0,0.0
0,0,1675816101.157794,,12.0,0.0,0.0,0.0,0.0
0,0,1675816101.2577524,,12.0,0.0,0.0,0.0,0.0
0,0,1675816101.357742,,12.0,0.0,0.0,0.0,0.0
0,0,1675816101.4579537,,12.0,0.0,0.0,0.0,0.0
0,0,1675816101.5579495,,12.0,0.0,0.0,0.0,0.0
0,0,1675816101.657893,,12.0,0.0,0.0,0.0,0.0
0,0,1675816101.7569046,,12.0,0.0,0.0,0.0,0.0
0,0,1675816101.8580027,,12.0,0.0,0.0,0.0,0.0
0,0,1675816101.9580185,,12.0,0.0,0.0,0.0,0.0
0,0,1675816102.0578384,,8.0,0.0,0.0,0.0,0.0
0,0,1675816102.157912,,8.0,0.0,0.0,0.0,0.0
0,0,1675816102.258314,,8.0,0.0,0.0,0.0,0.0
0,0,1675816102.3582997,,8.0,0.0,0.0,0.0,0.0
0,0,1675816102.4580386,,8.0,0.0,0.0,0.0,0.0
0,0,1675816102.556869,,8.0,0.0,0.0,0.0,0.0
0,0,1675816102.6579278,,8.0,0.0,0.0,0.0,0.0
0,0,1675816102.7579458,,8.0,0.0,0.0,0.0,0.0
0,0,1675816102.8581884,,8.0,0.0,0.0,0.0,0.0
0,0,1675816102.9581525,,8.0,0.0,0.0,0.0,0.0
0,0,1675816103.057857,,-60.0,0.0,0.0,0.0,0.0
0,0,1675816103.1579485,,-60.0,0.0,0.0,0.0,0.0
0,0,1675816103.2577865,,-60.0,0.0,0.0,0.0,0.0
0,0,1675816103.3578672,,-60.0,0.0,0.0,0.0,0.0
0,0,1675816103.458323,,-60.0,0.0,0.0,0.0,0.0
0,0,1675816103.558303,,-60.0,0.0,0.0,0.0,0.0
0,0,1675816103.6583211,,-60.0,0.0,0.0,0.0,0.0
0,0,1675816103.7579544,,-60.0,0.0,0.0,0.0,0.0
0,0,1675816103.8578947,,-60.0,0.0,0.0,0.0,0.0
0,0,1675816103.9579825,,-60.0,0.0,0.0,0.0,0.0
0,0,1675816104.057782,,34.0,0.0,0.0,0.0,0.0
0,0,1675816104.1578112,,34.0,0.0,0.0,0.0,0.0
0,0,1675816104.2578866,,34.0,0.0,0.0,0.0,0.0
0,0,1675816104.3579407,,34.0,0.0,0.0,0.0,0.0
0,0,1675816104.4584339,,34.0,0.0,0.0,0.0,0.0
0,0,1675816104.5582025,,34.0,0.0,0.0,0.0,0.0
0,0,1675816104.657873,,34.0,0.0,0.0,0.0,0.0
0,0,1675816104.7579536,,34.0,0.0,0.0,0.0,0.0
0,0,1675816104.857858,,34.0,0.0,0.0,0.0,0.0
0,0,1675816104.9580045,,34.0,0.0,0.0,0.0,0.0
0,0,1675816105.0577579,,-47.0,0.0,0.0,0.0,0.0
0,0,1675816105.157835,,-47.0,0.0,0.0,0.0,0.0
0,0,1675816105.2579243,,-47.0,0.0,0.0,0.0,0.0
0,0,1675816105.3579326,,-47.0,0.0,0.0,0.0,0.0
0,0,1675816105.4583282,,-47.0,0.0,0.0,0.0,0.0
0,0,1675816105.5584216,,-47.0,0.0,0.0,0.0,0.0
0,0,1675816105.6584084,,-47.0,0.0,0.0,0.0,0.0
0,0,1675816105.7585056,,-47.0,0.0,0.0,0.0,0.0
0,0,1675816105.85842,,-47.0,0.0,0.0,0.0,0.0
0,0,1675816105.9579234,,-47.0,0.0,0.0,0.0,0.0
0,0,1675816106.0579002,,-77.0,0.0,0.0,0.0,0.0
0,0,1675816106.1577532,,-77.0,0.0,0.0,0.0,0.0
0,0,1675816106.2579842,,-77.0,0.0,0.0,0.0,0.0
0,0,1675816106.3578944,,-77.0,0.0,0.0,0.0,0.0
0,0,1675816106.4580448,,-77.0,0.0,0.0,0.0,0.0
0,0,1675816106.5579727,,-77.0,0.0,0.0,0.0,0.0
0,0,1675816106.6580517,,-77.0,0.0,0.0,0.0,0.0
0,0,1675816106.7580726,,-77.0,0.0,0.0,0.0,0.0
0,0,1675816106.858109,,-77.0,0.0,0.0,0.0,0.0
0,0,1675816106.9575064,,-77.0,0.0,0.0,0.0,0.0
0,0,1675816107.0586457,,49.0,0.0,0.0,0.0,0.0
0,0,1675816107.157999,,49.0,0.0,0.0,0.0,0.0
0,0,1675816107.2579398,,49.0,0.0,0.0,0.0,0.0
0,0,1675816107.3579106,,49.0,0.0,0.0,0.0,0.0
0,0,1675816107.457826,,49.0,0.0,0.0,0.0,0.0
0,0,1675816107.557956,,49.0,0.0,0.0,0.0,0.0
0,0,1675816107.6578612,,49.0,0.0,0.0,0.0,0.0
0,0,1675816107.7585375,,49.0,0.0,0.0,0.0,0.0
0,0,1675816107.8586042,,49.0,0.0,0.0,0.0,0.0
0,0,1675816107.958551,,49.0,0.0,0.0,0.0,0.0
0,0,1675816108.058646,,-29.0,0.0,0.0,0.0,0.0
0,0,1675816108.1585915,,-29.0,0.0,0.0,0.0,0.0
0,0,1675816108.2585356,,-29.0,0.0,0.0,0.0,0.0
0,0,1675816108.3585746,,-29.0,0.0,0.0,0.0,0.0
0,0,1675816108.458208,,-29.0,0.0,0.0,0.0,0.0
0,0,1675816108.5580702,,-29.0,0.0,0.0,0.0,0.0
0,0,1675816108.6578913,,-29.0,0.0,0.0,0.0,0.0
0,0,1675816108.7578418,,-29.0,0.0,0.0,0.0,0.0
0,0,1675816108.8580964,,-29.0,0.0,0.0,0.0,0.0
0,0,1675816108.9582233,,-29.0,0.0,0.0,0.0,0.0
0,0,1675816109.057981,,-68.0,0.0,0.0,0.0,0.0
0,0,1675816109.1579936,,-68.0,0.0,0.0,0.0,0.0
0,0,1675816109.2579138,,-68.0,0.0,0.0,0.0,0.0
0,0,1675816109.3579922,,-68.0,0.0,0.0,0.0,0.0
0,0,1675816109.4581764,,-68.0,0.0,0.0,0.0,0.0
0,0,1675816109.5581214,,-68.0,0.0,0.0,0.0,0.0
0,0,1675816109.6580942,,-68.0,0.0,0.0,0.0,0.0
0,0,1675816109.7579033,,-68.0,0.0,0.0,0.0,0.0
0,0,1675816109.8585255,,-68.0,0.0,0.0,0.0,0.0
0,0,1675816109.958481,,-68.0,0.0,0.0,0.0,0.0
0,0,1675816110.0583959,,-7.0,0.0,0.0,0.0,0.0
0,0,1675816110.158127,,-7.0,0.0,0.0,0.0,0.0
0,0,1675816110.2584167,,-7.0,0.0,0.0,0.0,0.0
0,0,1675816110.358452,,-7.0,0.0,0.0,0.0,0.0
0,0,1675816110.4584231,,-7.0,0.0,0.0,0.0,0.0
0,0,1675816110.5584407,,-7.0,0.0,0.0,0.0,0.0
0,0,1675816110.65843,,-7.0,0.0,0.0,0.0,0.0
0,0,1675816110.7584183,,-7.0,0.0,0.0,0.0,0.0
0,0,1675816110.8584268,,-7.0,0.0,0.0,0.0,0.0
0,0,1675816110.9583998,,-7.0,0.0,0.0,0.0,0.0
0,0,1675816111.0584981,,-21.0,0.0,0.0,0.0,0.0
0,0,1675816111.1579494,,-21.0,0.0,0.0,0.0,0.0
0,0,1675816111.2577975,,-21.0,0.0,0.0,0.0,0.0
0,0,1675816111.3579054,,-21.0,0.0,0.0,0.0,0.0
0,0,1675816111.45824,,-21.0,0.0,0.0,0.0,0.0
0,0,1675816111.557909,,-21.0,0.0,0.0,0.0,0.0
0,0,1675816111.6580994,,-21.0,0.0,0.0,0.0,0.0
0,0,1675816111.7583458,,-21.0,0.0,0.0,0.0,0.0
0,0,1675816111.8587625,,-21.0,0.0,0.0,0.0,0.0
0,0,1675816111.9579494,,-21.0,0.0,0.0,0.0,0.0
0,0,1675816112.0571146,,-36.0,0.0,0.0,0.0,0.0
0,0,1675816112.1581538,,-36.0,0.0,0.0,0.0,0.0
0,0,1675816112.2581947,,-36.0,0.0,0.0,0.0,0.0
0,0,1675816112.3580759,,-36.0,0.0,0.0,0.0,0.0
0,0,1675816112.4581466,,-36.0,0.0,0.0,0.0,0.0
0,0,1675816112.5582037,,-36.0,0.0,0.0,0.0,0.0
0,0,1675816112.6580114,,-36.0,0.0,0.0,0.0,0.0
0,0,1675816112.7579849,,-36.0,0.0,0.0,0.0,0.0
0,0,1675816112.8582423,,-36.0,0.0,0.0,0.0,0.0
0,0,1675816112.9579067,,-36.0,0.0,0.0,0.0,0.0
0,0,1675816113.057867,,-48.0,0.0,0.0,0.0,0.0
0,0,1675816113.1582975,,-48.0,0.0,0.0,0.0,0.0
0,0,1675816113.2579148,,-48.0,0.0,0.0,0.0,0.0
0,0,1675816113.3579988,,-48.0,0.0,0.0,0.0,0.0
0,0,1675816113.4580996,,-48.0,0.0,0.0,0.0,0.0
0,0,1675816113.5579512,,-48.0,0.0,0.0,0.0,0.0
0,0,1675816113.6580646,,-48.0,0.0,0.0,0.0,0.0
0,0,1675816113.7580981,,-48.0,0.0,0.0,0.0,0.0
0,0,1675816113.8581514,,-48.0,0.0,0.0,0.0,0.0
0,0,1675816113.9581006,,-48.0,0.0,0.0,0.0,0.0
0,0,1675816114.0580301,,57.0,0.0,0.0,0.0,0.0
0,0,1675816114.1581247,,57.0,0.0,0.0,0.0,0.0
0,0,1675816114.2578297,,57.0,0.0,0.0,0.0,0.0
0,0,1675816114.357851,,57.0,0.0,0.0,0.0,0.0
0,0,1675816114.457815,,57.0,0.0,0.0,0.0,0.0
0,0,1675816114.5579386,,57.0,0.0,0.0,0.0,0.0
0,0,1675816114.6579342,,57.0,0.0,0.0,0.0,0.0
0,0,1675816114.757953,,57.0,0.0,0.0,0.0,0.0
0,0,1675816114.8579464,,57.0,0.0,0.0,0.0,0.0
0,0,1675816114.9579012,,57.0,0.0,0.0,0.0,0.0
0,0,1675816115.0578678,,-50.0,0.0,0.0,0.0,0.0
0,0,1675816115.1578934,,-50.0,0.0,0.0,0.0,0.0
0,0,1675816115.257948,,-50.0,0.0,0.0,0.0,0.0
0,0,1675816115.358132,,-50.0,0.0,0.0,0.0,0.0
0,0,1675816115.458274,,-50.0,0.0,0.0,0.0,0.0
0,0,1675816115.5584373,,-50.0,0.0,0.0,0.0,0.0
0,0,1675816115.6580098,,-50.0,0.0,0.0,0.0,0.0
0,0,1675816115.758135,,-50.0,0.0,0.0,0.0,0.0
0,0,1675816115.8580122,,-50.0,0.0,0.0,0.0,0.0
0,0,1675816115.9581144,,-50.0,0.0,0.0,0.0,0.0
0,0,1675816116.0578802,,29.0,0.0,0.0,0.0,0.0
0,0,1675816116.1580029,,29.0,0.0,0.0,0.0,0.0
0,0,1675816116.2578773,,29.0,0.0,0.0,0.0,0.0
0,0,1675816116.3580964,,29.0,0.0,0.0,0.0,0.0
0,0,1675816116.458296,,29.0,0.0,0.0,0.0,0.0
0,0,1675816116.5580719,,29.0,0.0,0.0,0.0,0.0
0,0,1675816116.6587243,,29.0,0.0,0.0,0.0,0.0
0,0,1675816116.7579794,,29.0,0.0,0.0,0.0,0.0
0,0,1675816116.8580027,,29.0,0.0,0.0,0.0,0.0
0,0,1675816116.9585733,,29.0,0.0,0.0,0.0,0.0
0,0,1675816117.058591,,-49.0,0.0,0.0,0.0,0.0
0,0,1675816117.1586306,,-49.0,0.0,0.0,0.0,0.0
0,0,1675816117.2570055,,-49.0,0.0,0.0,0.0,0.0
0,0,1675816117.3579996,,-49.0,0.0,0.0,0.0,0.0
0,0,1675816117.4580147,,-49.0,0.0,0.0,0.0,0.0
0,0,1675816117.5581403,,-49.0,0.0,0.0,0.0,0.0
0,0,1675816117.6583233,,-49.0,0.0,0.0,0.0,0.0
0,0,1675816117.7578838,,-49.0,0.0,0.0,0.0,0.0
0,0,1675816117.857902,,-49.0,0.0,0.0,0.0,0.0
0,0,1675816117.958262,,-49.0,0.0,0.0,0.0,0.0
0,0,1675816118.057995,,37.0,0.0,0.0,0.0,0.0
0,0,1675816118.1581383,,37.0,0.0,0.0,0.0,0.0
0,0,1675816118.2580879,,37.0,0.0,0.0,0.0,0.0
0,0,1675816118.3579862,,37.0,0.0,0.0,0.0,0.0
0,0,1675816118.4581544,,37.0,0.0,0.0,0.0,0.0
0,0,1675816118.5579445,,37.0,0.0,0.0,0.0,0.0
0,0,1675816118.6579685,,37.0,0.0,0.0,0.0,0.0
0,0,1675816118.757952,,37.0,0.0,0.0,0.0,0.0
0,0,1675816118.8581324,,37.0,0.0,0.0,0.0,0.0
0,0,1675816118.9578397,,37.0,0.0,0.0,0.0,0.0
0,0,1675816119.0581093,,-72.0,0.0,0.0,0.0,0.0
0,0,1675816119.1579103,,-72.0,0.0,0.0,0.0,0.0
0,0,1675816119.2577648,,-72.0,0.0,0.0,0.0,0.0
0,0,1675816119.3579385,,-72.0,0.0,0.0,0.0,0.0
0,0,1675816119.457974,,-72.0,0.0,0.0,0.0,0.0
0,0,1675816119.5580385,,-72.0,0.0,0.0,0.0,0.0
0,0,1675816119.6578643,,-72.0,0.0,0.0,0.0,0.0
0,0,1675816119.7582672,,-72.0,0.0,0.0,0.0,0.0
0,0,1675816119.8581843,,-72.0,0.0,0.0,0.0,0.0
0,0,1675816119.9579105,,-72.0,0.0,0.0,0.0,0.0
0,0,1675816120.0580766,,-14.0,0.0,0.0,0.0,0.0
0,0,1675816120.1580255,,-14.0,0.0,0.0,0.0,0.0
0,0,1675816120.2585335,,-14.0,0.0,0.0,0.0,0.0
0,0,1675816120.3579524,,-14.0,0.0,0.0,0.0,0.0
0,0,1675816120.458537,,-14.0,0.0,0.0,0.0,0.0
0,0,1675816120.5585194,,-14.0,0.0,0.0,0.0,0.0
0,0,1675816120.658456,,-14.0,0.0,0.0,0.0,0.0
0,0,1675816120.75793,,-14.0,0.0,0.0,0.0,0.0
0,0,1675816120.8578744,,-14.0,0.0,0.0,0.0,0.0
0,0,1675816120.958048,,-14.0,0.0,0.0,0.0,0.0
0,0,1675816121.0582438,,-1.0,0.0,0.0,0.0,0.0
0,0,1675816121.1584423,,-1.0,0.0,0.0,0.0,0.0
0,0,1675816121.2583647,,-1.0,0.0,0.0,0.0,0.0
0,0,1675816121.3580174,,-1.0,0.0,0.0,0.0,0.0
0,0,1675816121.457984,,-1.0,0.0,0.0,0.0,0.0
0,0,1675816121.5584311,,-1.0,0.0,0.0,0.0,0.0
0,0,1675816121.6584504,,-1.0,0.0,0.0,0.0,0.0
0,0,1675816121.7585516,,-1.0,0.0,0.0,0.0,0.0
0,0,1675816121.858564,,-1.0,0.0,0.0,0.0,0.0
0,0,1675816121.9584231,,-1.0,0.0,0.0,0.0,0.0
0,0,1675816122.0584855,,18.0,0.0,0.0,0.0,0.0
0,0,1675816122.1581335,,18.0,0.0,0.0,0.0,0.0
0,0,1675816122.2570584,,18.0,0.0,0.0,0.0,0.0
0,0,1675816122.3581126,,18.0,0.0,0.0,0.0,0.0
0,0,1675816122.458195,,18.0,0.0,0.0,0.0,0.0
0,0,1675816122.5580428,,18.0,0.0,0.0,0.0,0.0
0,0,1675816122.6579812,,18.0,0.0,0.0,0.0,0.0
0,0,1675816122.7578936,,18.0,0.0,0.0,0.0,0.0
0,0,1675816122.8580568,,18.0,0.0,0.0,0.0,0.0
0,0,1675816122.9577792,,18.0,0.0,0.0,0.0,0.0
0,0,1675816123.0578918,,-53.0,0.0,0.0,0.0,0.0
0,0,1675816123.1582055,,-53.0,0.0,0.0,0.0,0.0
0,0,1675816123.2577946,,-53.0,0.0,0.0,0.0,0.0
0,0,1675816123.3578365,,-53.0,0.0,0.0,0.0,0.0
0,0,1675816123.4574187,,-53.0,0.0,0.0,0.0,0.0
0,0,1675816123.5579023,,-53.0,0.0,0.0,0.0,0.0
0,0,1675816123.6580503,,-53.0,0.0,0.0,0.0,0.0
0,0,1675816123.758553,,-53.0,0.0,0.0,0.0,0.0
0,0,1675816123.858095,,-53.0,0.0,0.0,0.0,0.0
0,0,1675816123.9576378,,-53.0,0.0,0.0,0.0,0.0
0,0,1675816124.058089,,-8.0,0.0,0.0,0.0,0.0
0,0,1675816124.15813,,-8.0,0.0,0.0,0.0,0.0
0,0,1675816124.258044,,-8.0,0.0,0.0,0.0,0.0
0,0,1675816124.35792,,-8.0,0.0,0.0,0.0,0.0
0,0,1675816124.4583561,,-8.0,0.0,0.0,0.0,0.0
0,0,1675816124.557866,,-8.0,0.0,0.0,0.0,0.0
0,0,1675816124.6581147,,-8.0,0.0,0.0,0.0,0.0
0,0,1675816124.7579987,,-8.0,0.0,0.0,0.0,0.0
0,0,1675816124.858213,,-8.0,0.0,0.0,0.0,0.0
0,0,1675816124.9583952,,-8.0,0.0,0.0,0.0,0.0
0,0,1675816125.0581098,,-24.0,0.0,0.0,0.0,0.0
0,0,1675816125.157918,,-24.0,0.0,0.0,0.0,0.0
0,0,1675816125.2580016,,-24.0,0.0,0.0,0.0,0.0
0,0,1675816125.3580182,,-24.0,0.0,0.0,0.0,0.0
0,0,1675816125.4573314,,-24.0,0.0,0.0,0.0,0.0
0,0,1675816125.5578957,,-24.0,0.0,0.0,0.0,0.0
0,0,1675816125.6579456,,-24.0,0.0,0.0,0.0,0.0
0,0,1675816125.7579412,,-24.0,0.0,0.0,0.0,0.0
0,0,1675816125.85803,,-24.0,0.0,0.0,0.0,0.0
0,0,1675816125.958194,,-24.0,0.0,0.0,0.0,0.0
0,0,1675816126.0578232,,77.0,0.0,0.0,0.0,0.0
0,0,1675816126.1579158,,77.0,0.0,0.0,0.0,0.0
0,0,1675816126.2578833,,77.0,0.0,0.0,0.0,0.0
0,0,1675816126.3580346,,77.0,0.0,0.0,0.0,0.0
0,0,1675816126.4573886,,77.0,0.0,0.0,0.0,0.0
0,0,1675816126.557983,,77.0,0.0,0.0,0.0,0.0
0,0,1675816126.657976,,77.0,0.0,0.0,0.0,0.0
0,0,1675816126.7579796,,77.0,0.0,0.0,0.0,0.0
0,0,1675816126.857996,,77.0,0.0,0.0,0.0,0.0
0,0,1675816126.9575918,,77.0,0.0,0.0,0.0,0.0
0,0,1675816127.0584347,,-39.0,0.0,0.0,0.0,0.0
0,0,1675816127.1584573,,-39.0,0.0,0.0,0.0,0.0
0,0,1675816127.2583966,,-39.0,0.0,0.0,0.0,0.0
0,0,1675816127.3595474,,-39.0,0.0,0.0,0.0,0.0
0,0,1675816127.458453,,-39.0,0.0,0.0,0.0,0.0
0,0,1675816127.5581558,,-39.0,0.0,0.0,0.0,0.0
0,0,1675816127.6579192,,-39.0,0.0,0.0,0.0,0.0
0,0,1675816127.758104,,-39.0,0.0,0.0,0.0,0.0
0,0,1675816127.8583097,,-39.0,0.0,0.0,0.0,0.0
0,0,1675816127.9573028,,-39.0,0.0,0.0,0.0,0.0
0,0,1675816128.058065,,-27.0,0.0,0.0,0.0,0.0
0,0,1675816128.1579542,,-27.0,0.0,0.0,0.0,0.0
0,0,1675816128.2585773,,-27.0,0.0,0.0,0.0,0.0
0,0,1675816128.358044,,-27.0,0.0,0.0,0.0,0.0
0,0,1675816128.4572961,,-27.0,0.0,0.0,0.0,0.0
0,0,1675816128.5586853,,-27.0,0.0,0.0,0.0,0.0
0,0,1675816128.658645,,-27.0,0.0,0.0,0.0,0.0
0,0,1675816128.7579403,,-27.0,0.0,0.0,0.0,0.0
0,0,1675816128.857933,,-27.0,0.0,0.0,0.0,0.0
0,0,1675816128.9573224,,-27.0,0.0,0.0,0.0,0.0
0,0,1675816129.0580003,,50.0,0.0,0.0,0.0,0.0
0,0,1675816129.158387,,50.0,0.0,0.0,0.0,0.0
0,0,1675816129.2578962,,50.0,0.0,0.0,0.0,0.0
0,0,1675816129.3582258,,50.0,0.0,0.0,0.0,0.0
0,0,1675816129.457422,,50.0,0.0,0.0,0.0,0.0
0,0,1675816129.557951,,50.0,0.0,0.0,0.0,0.0
0,0,1675816129.6579049,,50.0,0.0,0.0,0.0,0.0
0,0,1675816129.7579122,,50.0,0.0,0.0,0.0,0.0
0,0,1675816129.8582735,,50.0,0.0,0.0,0.0,0.0
0,0,1675816129.957493,,50.0,0.0,0.0,0.0,0.0
0,0,1675816130.0581532,,-72.0,0.0,0.0,0.0,0.0
0,0,1675816130.158087,,-72.0,0.0,0.0,0.0,0.0
0,0,1675816130.2581358,,-72.0,0.0,0.0,0.0,0.0
0,0,1675816130.358237,,-72.0,0.0,0.0,0.0,0.0
0,0,1675816130.4580529,,-72.0,0.0,0.0,0.0,0.0
0,0,1675816130.5580866,,-72.0,0.0,0.0,0.0,0.0
0,0,1675816130.6585238,,-72.0,0.0,0.0,0.0,0.0
0,0,1675816130.7582533,,-72.0,0.0,0.0,0.0,0.0
0,0,1675816130.8581276,,-72.0,0.0,0.0,0.0,0.0
0,0,1675816130.958021,,-72.0,0.0,0.0,0.0,0.0
0,0,1675816131.058203,,56.0,0.0,0.0,0.0,0.0
0,0,1675816131.1579065,,56.0,0.0,0.0,0.0,0.0
0,0,1675816131.2580357,,56.0,0.0,0.0,0.0,0.0
0,0,1675816131.3581133,,56.0,0.0,0.0,0.0,0.0
0,0,1675816131.4573255,,56.0,0.0,0.0,0.0,0.0
0,0,1675816131.5584645,,56.0,0.0,0.0,0.0,0.0
0,0,1675816131.6584883,,56.0,0.0,0.0,0.0,0.0
0,0,1675816131.7580488,,56.0,0.0,0.0,0.0,0.0
0,0,1675816131.8578558,,56.0,0.0,0.0,0.0,0.0
0,0,1675816131.9574552,,56.0,0.0,0.0,0.0,0.0
0,0,1675816132.0580292,,-72.0,0.0,0.0,0.0,0.0
0,0,1675816132.158374,,-72.0,0.0,0.0,0.0,0.0
0,0,1675816132.2582817,,-72.0,0.0,0.0,0.0,0.0
0,0,1675816132.3581307,,-72.0,0.0,0.0,0.0,0.0
0,0,1675816132.457426,,-72.0,0.0,0.0,0.0,0.0
0,0,1675816132.5580833,,-72.0,0.0,0.0,0.0,0.0
0,0,1675816132.6580894,,-72.0,0.0,0.0,0.0,0.0
0,0,1675816132.7581396,,-72.0,0.0,0.0,0.0,0.0
0,0,1675816132.8580678,,-72.0,0.0,0.0,0.0,0.0
0,0,1675816132.9575903,,-72.0,0.0,0.0,0.0,0.0
0,0,1675816133.0580263,,24.0,0.0,0.0,0.0,0.0
0,0,1675816133.1580482,,24.0,0.0,0.0,0.0,0.0
0,0,1675816133.2581086,,24.0,0.0,0.0,0.0,0.0
0,0,1675816133.3580132,,24.0,0.0,0.0,0.0,0.0
0,0,1675816133.4574203,,24.0,0.0,0.0,0.0,0.0
0,0,1675816133.5581255,,24.0,0.0,0.0,0.0,0.0
0,0,1675816133.658676,,24.0,0.0,0.0,0.0,0.0
0,0,1675816133.757983,,24.0,0.0,0.0,0.0,0.0
0,0,1675816133.8580027,,24.0,0.0,0.0,0.0,0.0
0,0,1675816133.9573388,,24.0,0.0,0.0,0.0,0.0
0,0,1675816134.0580652,,12.0,0.0,0.0,0.0,0.0
0,0,1675816134.1580617,,12.0,0.0,0.0,0.0,0.0
0,0,1675816134.2573192,,12.0,0.0,0.0,0.0,0.0
0,0,1675816134.3572135,,12.0,0.0,0.0,0.0,0.0
0,0,1675816134.4572544,,12.0,0.0,0.0,0.0,0.0
0,0,1675816134.5572205,,12.0,0.0,0.0,0.0,0.0
0,0,1675816134.6572137,,12.0,0.0,0.0,0.0,0.0
0,0,1675816134.7572117,,12.0,0.0,0.0,0.0,0.0
0,0,1675816134.857227,,12.0,0.0,0.0,0.0,0.0
0,0,1675816134.9573305,,12.0,0.0,0.0,0.0,0.0
0,0,1675816135.0575294,,-2.0,0.0,0.0,0.0,0.0
0,0,1675816135.1574354,,-2.0,0.0,0.0,0.0,0.0
0,0,1675816135.2574062,,-2.0,0.0,0.0,0.0,0.0
0,0,1675816135.3574033,,-2.0,0.0,0.0,0.0,0.0
0,0,1675816135.4576378,,-2.0,0.0,0.0,0.0,0.0
0,0,1675816135.5585735,,-2.0,0.0,0.0,0.0,0.0
0,0,1675816135.6575599,,-2.0,0.0,0.0,0.0,0.0
0,0,1675816135.7577438,,-2.0,0.0,0.0,0.0,0.0
0,0,1675816135.857503,,-2.0,0.0,0.0,0.0,0.0
0,0,1675816135.9572957,,-2.0,0.0,0.0,0.0,0.0
0,0,1675816136.0574374,,-31.0,0.0,0.0,0.0,0.0
0,0,1675816136.1572998,,-31.0,0.0,0.0,0.0,0.0
0,0,1675816136.2572951,,-31.0,0.0,0.0,0.0,0.0
0,0,1675816136.357315,,-31.0,0.0,0.0,0.0,0.0
0,0,1675816136.4573572,,-31.0,0.0,0.0,0.0,0.0
0,0,1675816136.5573492,,-31.0,0.0,0.0,0.0,0.0
0,0,1675816136.6574504,,-31.0,0.0,0.0,0.0,0.0
0,0,1675816136.7564847,,-31.0,0.0,0.0,0.0,0.0
0,0,1675816136.8575537,,-31.0,0.0,0.0,0.0,0.0
0,0,1675816136.957437,,-31.0,0.0,0.0,0.0,0.0
0,0,1675816137.0575132,,11.0,0.0,0.0,0.0,0.0
0,0,1675816137.1573806,,11.0,0.0,0.0,0.0,0.0
0,0,1675816137.2574105,,11.0,0.0,0.0,0.0,0.0
0,0,1675816137.3574157,,11.0,0.0,0.0,0.0,0.0
0,0,1675816137.4575531,,11.0,0.0,0.0,0.0,0.0
0,0,1675816137.557369,,11.0,0.0,0.0,0.0,0.0
0,0,1675816137.6573665,,11.0,0.0,0.0,0.0,0.0
0,0,1675816137.7573812,,11.0,0.0,0.0,0.0,0.0
0,0,1675816137.8573937,,11.0,0.0,0.0,0.0,0.0
0,0,1675816137.9573956,,11.0,0.0,0.0,0.0,0.0
0,0,1675816138.057555,,-71.0,0.0,0.0,0.0,0.0
0,0,1675816138.1574876,,-71.0,0.0,0.0,0.0,0.0
0,0,1675816138.2574055,,-71.0,0.0,0.0,0.0,0.0
0,0,1675816138.357499,,-71.0,0.0,0.0,0.0,0.0
0,0,1675816138.457536,,-71.0,0.0,0.0,0.0,0.0
0,0,1675816138.557546,,-71.0,0.0,0.0,0.0,0.0
0,0,1675816138.6573293,,-71.0,0.0,0.0,0.0,0.0
0,0,1675816138.7572808,,-71.0,0.0,0.0,0.0,0.0
0,0,1675816138.8573017,,-71.0,0.0,0.0,0.0,0.0
0,0,1675816138.9574926,,-71.0,0.0,0.0,0.0,0.0
0,0,1675816139.057501,,62.0,0.0,0.0,0.0,0.0
0,0,1675816139.157348,,62.0,0.0,0.0,0.0,0.0
0,0,1675816139.2573965,,62.0,0.0,0.0,0.0,0.0
0,0,1675816139.3574162,,62.0,0.0,0.0,0.0,0.0
0,0,1675816139.4573162,,62.0,0.0,0.0,0.0,0.0
0,0,1675816139.5572913,,62.0,0.0,0.0,0.0,0.0
0,0,1675816139.6572964,,62.0,0.0,0.0,0.0,0.0
0,0,1675816139.7573435,,62.0,0.0,0.0,0.0,0.0
0,0,1675816139.8573089,,62.0,0.0,0.0,0.0,0.0
0,0,1675816139.9573011,,62.0,0.0,0.0,0.0,0.0
0,0,1675816140.0574987,,-22.0,0.0,0.0,0.0,0.0
0,0,1675816140.157553,,-22.0,0.0,0.0,0.0,0.0
0,0,1675816140.257415,,-22.0,0.0,0.0,0.0,0.0
0,0,1675816140.3572593,,-22.0,0.0,0.0,0.0,0.0
0,0,1675816140.4575772,,-22.0,0.0,0.0,0.0,0.0
0,0,1675816140.5574064,,-22.0,0.0,0.0,0.0,0.0
0,0,1675816140.6574018,,-22.0,0.0,0.0,0.0,0.0
0,0,1675816140.757385,,-22.0,0.0,0.0,0.0,0.0
0,0,1675816140.8574245,,-22.0,0.0,0.0,0.0,0.0
0,0,1675816140.9574308,,-22.0,0.0,0.0,0.0,0.0
0,0,1675816141.05754,,-26.0,0.0,0.0,0.0,0.0
0,0,1675816141.1574366,,-26.0,0.0,0.0,0.0,0.0
0,0,1675816141.2573812,,-26.0,0.0,0.0,0.0,0.0
0,0,1675816141.3572664,,-26.0,0.0,0.0,0.0,0.0
0,0,1675816141.457226,,-26.0,0.0,0.0,0.0,0.0
0,0,1675816141.557316,,-26.0,0.0,0.0,0.0,0.0
0,0,1675816141.6572318,,-26.0,0.0,0.0,0.0,0.0
0,0,1675816141.756411,,-26.0,0.0,0.0,0.0,0.0
0,0,1675816141.8574607,,-26.0,0.0,0.0,0.0,0.0
0,0,1675816141.9575043,,-26.0,0.0,0.0,0.0,0.0
0,0,1675816142.0575905,,46.0,0.0,0.0,0.0,0.0
0,0,1675816142.157543,,46.0,0.0,0.0,0.0,0.0
0,0,1675816142.2573504,,46.0,0.0,0.0,0.0,0.0
0,0,1675816142.3573582,,46.0,0.0,0.0,0.0,0.0
0,0,1675816142.457295,,46.0,0.0,0.0,0.0,0.0
0,0,1675816142.5574057,,46.0,0.0,0.0,0.0,0.0
0,0,1675816142.6574824,,46.0,0.0,0.0,0.0,0.0
0,0,1675816142.7574914,,46.0,0.0,0.0,0.0,0.0
0,0,1675816142.8573933,,46.0,0.0,0.0,0.0,0.0
0,0,1675816142.957489,,46.0,0.0,0.0,0.0,0.0
0,0,1675816143.0575233,,46.0,0.0,0.0,0.0,0.0
0,0,1675816143.1575327,,46.0,0.0,0.0,0.0,0.0
0,0,1675816143.2573247,,46.0,0.0,0.0,0.0,0.0
0,0,1675816143.3573668,,46.0,0.0,0.0,0.0,0.0
0,0,1675816143.4574337,,46.0,0.0,0.0,0.0,0.0
0,0,1675816143.557441,,46.0,0.0,0.0,0.0,0.0
0,0,1675816143.657416,,46.0,0.0,0.0,0.0,0.0
0,0,1675816143.757507,,46.0,0.0,0.0,0.0,0.0
0,0,1675816143.8575115,,46.0,0.0,0.0,0.0,0.0
0,0,1675816143.9573662,,46.0,0.0,0.0,0.0,0.0
0,0,1675816144.057644,,-21.0,0.0,0.0,0.0,0.0
0,0,1675816144.1575646,,-21.0,0.0,0.0,0.0,0.0
0,0,1675816144.257468,,-21.0,0.0,0.0,0.0,0.0
0,0,1675816144.3575482,,-21.0,0.0,0.0,0.0,0.0
0,0,1675816144.4574428,,-21.0,0.0,0.0,0.0,0.0
0,0,1675816144.5573635,,-21.0,0.0,0.0,0.0,0.0
0,0,1675816144.6574037,,-21.0,0.0,0.0,0.0,0.0
0,0,1675816144.7573347,,-21.0,0.0,0.0,0.0,0.0
0,0,1675816144.857359,,-21.0,0.0,0.0,0.0,0.0
0,0,1675816144.95758,,-21.0,0.0,0.0,0.0,0.0
0,0,1675816145.0573635,,-35.0,0.0,0.0,0.0,0.0
0,0,1675816145.157638,,-35.0,0.0,0.0,0.0,0.0
0,0,1675816145.2574658,,-35.0,0.0,0.0,0.0,0.0
0,0,1675816145.357589,,-35.0,0.0,0.0,0.0,0.0
0,0,1675816145.4575405,,-35.0,0.0,0.0,0.0,0.0
0,0,1675816145.557549,,-35.0,0.0,0.0,0.0,0.0
0,0,1675816145.6574347,,-35.0,0.0,0.0,0.0,0.0
0,0,1675816145.7573433,,-35.0,0.0,0.0,0.0,0.0
0,0,1675816145.857464,,-35.0,0.0,0.0,0.0,0.0
0,0,1675816145.9575634,,-35.0,0.0,0.0,0.0,0.0
0,0,1675816146.0574665,,-29.0,0.0,0.0,0.0,0.0
0,0,1675816146.1574628,,-29.0,0.0,0.0,0.0,0.0
0,0,1675816146.2573762,,-29.0,0.0,0.0,0.0,0.0
0,0,1675816146.3573852,,-29.0,0.0,0.0,0.0,0.0
0,0,1675816146.457325,,-29.0,0.0,0.0,0.0,0.0
0,0,1675816146.5574481,,-29.0,0.0,0.0,0.0,0.0
0,0,1675816146.6574128,,-29.0,0.0,0.0,0.0,0.0
0,0,1675816146.757452,,-29.0,0.0,0.0,0.0,0.0
0,0,1675816146.856669,,-29.0,0.0,0.0,0.0,0.0
0,0,1675816146.9574676,,-29.0,0.0,0.0,0.0,0.0
0,0,1675816147.0576196,,32.0,0.0,0.0,0.0,0.0
0,0,1675816147.157518,,32.0,0.0,0.0,0.0,0.0
0,0,1675816147.2574096,,32.0,0.0,0.0,0.0,0.0
0,0,1675816147.3575118,,32.0,0.0,0.0,0.0,0.0
0,0,1675816147.4573264,,32.0,0.0,0.0,0.0,0.0
0,0,1675816147.5574613,,32.0,0.0,0.0,0.0,0.0
0,0,1675816147.6574357,,32.0,0.0,0.0,0.0,0.0
0,0,1675816147.7574308,,32.0,0.0,0.0,0.0,0.0
0,0,1675816147.8574333,,32.0,0.0,0.0,0.0,0.0
0,0,1675816147.9574864,,32.0,0.0,0.0,0.0,0.0
0,0,1675816148.0574207,,75.0,0.0,0.0,0.0,0.0
0,0,1675816148.1574697,,75.0,0.0,0.0,0.0,0.0
0,0,1675816148.2574387,,75.0,0.0,0.0,0.0,0.0
0,0,1675816148.35741,,75.0,0.0,0.0,0.0,0.0
0,0,1675816148.45749,,75.0,0.0,0.0,0.0,0.0
0,0,1675816148.557441,,75.0,0.0,0.0,0.0,0.0
0,0,1675816148.6574292,,75.0,0.0,0.0,0.0,0.0
0,0,1675816148.7574184,,75.0,0.0,0.0,0.0,0.0
0,0,1675816148.857404,,75.0,0.0,0.0,0.0,0.0
0,0,1675816148.9572835,,75.0,0.0,0.0,0.0,0.0
0,0,1675816149.0575655,,42.0,0.0,0.0,0.0,0.0
0,0,1675816149.1573033,,42.0,0.0,0.0,0.0,0.0
0,0,1675816149.257285,,42.0,0.0,0.0,0.0,0.0
0,0,1675816149.3572857,,42.0,0.0,0.0,0.0,0.0
0,0,1675816149.4573593,,42.0,0.0,0.0,0.0,0.0
0,0,1675816149.557346,,42.0,0.0,0.0,0.0,0.0
0,0,1675816149.6573987,,42.0,0.0,0.0,0.0,0.0
0,0,1675816149.7573297,,42.0,0.0,0.0,0.0,0.0
0,0,1675816149.85735,,42.0,0.0,0.0,0.0,0.0
0,0,1675816149.957342,,42.0,0.0,0.0,0.0,0.0
0,0,1675816150.057516,,67.0,0.0,0.0,0.0,0.0
0,0,1675816150.157461,,67.0,0.0,0.0,0.0,0.0
0,0,1675816150.2574468,,67.0,0.0,0.0,0.0,0.0
0,0,1675816150.357436,,67.0,0.0,0.0,0.0,0.0
0,0,1675816150.457339,,67.0,0.0,0.0,0.0,0.0
0,0,1675816150.5572557,,67.0,0.0,0.0,0.0,0.0
0,0,1675816150.6574156,,67.0,0.0,0.0,0.0,0.0
0,0,1675816150.7574139,,67.0,0.0,0.0,0.0,0.0
0,0,1675816150.8574884,,67.0,0.0,0.0,0.0,0.0
0,0,1675816150.9574478,,67.0,0.0,0.0,0.0,0.0
0,0,1675816151.0575504,,62.0,0.0,0.0,0.0,0.0
0,0,1675816151.1573062,,62.0,0.0,0.0,0.0,0.0
0,0,1675816151.2573416,,62.0,0.0,0.0,0.0,0.0
0,0,1675816151.3573234,,62.0,0.0,0.0,0.0,0.0
0,0,1675816151.4592452,,62.0,0.0,0.0,0.0,0.0
0,0,1675816151.5574615,,62.0,0.0,0.0,0.0,0.0
0,0,1675816151.6573393,,62.0,0.0,0.0,0.0,0.0
0,0,1675816151.7575552,,62.0,0.0,0.0,0.0,0.0
0,0,1675816151.8575964,,62.0,0.0,0.0,0.0,0.0
0,0,1675816151.957275,,62.0,0.0,0.0,0.0,0.0
0,0,1675816152.0576787,,-34.0,0.0,0.0,0.0,0.0
0,0,1675816152.1575425,,-34.0,0.0,0.0,0.0,0.0
0,0,1675816152.2574995,,-34.0,0.0,0.0,0.0,0.0
0,0,1675816152.3574276,,-34.0,0.0,0.0,0.0,0.0
0,0,1675816152.4585364,,-34.0,0.0,0.0,0.0,0.0
0,0,1675816152.5575266,,-34.0,0.0,0.0,0.0,0.0
0,0,1675816152.6572511,,-34.0,0.0,0.0,0.0,0.0
0,0,1675816152.757258,,-34.0,0.0,0.0,0.0,0.0
0,0,1675816152.857413,,-34.0,0.0,0.0,0.0,0.0
0,0,1675816152.9572506,,-34.0,0.0,0.0,0.0,0.0
0,0,1675816153.0575857,,73.0,0.0,0.0,0.0,0.0
0,0,1675816153.1574244,,73.0,0.0,0.0,0.0,0.0
0,0,1675816153.257265,,73.0,0.0,0.0,0.0,0.0
0,0,1675816153.357267,,73.0,0.0,0.0,0.0,0.0
0,0,1675816153.4575114,,73.0,0.0,0.0,0.0,0.0
0,0,1675816153.5575168,,73.0,0.0,0.0,0.0,0.0
0,0,1675816153.6575074,,73.0,0.0,0.0,0.0,0.0
0,0,1675816153.7576966,,73.0,0.0,0.0,0.0,0.0
0,0,1675816153.8573518,,73.0,0.0,0.0,0.0,0.0
0,0,1675816153.957493,,73.0,0.0,0.0,0.0,0.0
0,0,1675816154.0575235,,-45.0,0.0,0.0,0.0,0.0
0,0,1675816154.1573515,,-45.0,0.0,0.0,0.0,0.0
0,0,1675816154.257393,,-45.0,0.0,0.0,0.0,0.0
0,0,1675816154.3572736,,-45.0,0.0,0.0,0.0,0.0
0,0,1675816154.4572449,,-45.0,0.0,0.0,0.0,0.0
0,0,1675816154.5573344,,-45.0,0.0,0.0,0.0,0.0
0,0,1675816154.6572983,,-45.0,0.0,0.0,0.0,0.0
0,0,1675816154.757468,,-45.0,0.0,0.0,0.0,0.0
0,0,1675816154.8573244,,-45.0,0.0,0.0,0.0,0.0
0,0,1675816154.9575572,,-45.0,0.0,0.0,0.0,0.0
0,0,1675816155.057707,,-36.0,0.0,0.0,0.0,0.0
0,0,1675816155.157643,,-36.0,0.0,0.0,0.0,0.0
0,0,1675816155.257441,,-36.0,0.0,0.0,0.0,0.0
0,0,1675816155.3574395,,-36.0,0.0,0.0,0.0,0.0
0,0,1675816155.4575748,,-36.0,0.0,0.0,0.0,0.0
0,0,1675816155.5575528,,-36.0,0.0,0.0,0.0,0.0
0,0,1675816155.6575792,,-36.0,0.0,0.0,0.0,0.0
0,0,1675816155.757567,,-36.0,0.0,0.0,0.0,0.0
0,0,1675816155.85761,,-36.0,0.0,0.0,0.0,0.0
0,0,1675816155.9575658,,-36.0,0.0,0.0,0.0,0.0
0,0,1675816156.0575695,,-62.0,0.0,0.0,0.0,0.0
0,0,1675816156.1574113,,-62.0,0.0,0.0,0.0,0.0
0,0,1675816156.257335,,-62.0,0.0,0.0,0.0,0.0
0,0,1675816156.357265,,-62.0,0.0,0.0,0.0,0.0
0,0,1675816156.4584985,,-62.0,0.0,0.0,0.0,0.0
0,0,1675816156.5572593,,-62.0,0.0,0.0,0.0,0.0
0,0,1675816156.6572244,,-62.0,0.0,0.0,0.0,0.0
0,0,1675816156.757378,,-62.0,0.0,0.0,0.0,0.0
0,0,1675816156.8573575,,-62.0,0.0,0.0,0.0,0.0
0,0,1675816156.9573498,,-62.0,0.0,0.0,0.0,0.0
0,0,1675816157.0576518,,55.0,0.0,0.0,0.0,0.0
0,0,1675816157.1564708,,55.0,0.0,0.0,0.0,0.0
0,0,1675816157.2574646,,55.0,0.0,0.0,0.0,0.0
0,0,1675816157.3574543,,55.0,0.0,0.0,0.0,0.0
0,0,1675816157.4588935,,55.0,0.0,0.0,0.0,0.0
0,0,1675816157.5574863,,55.0,0.0,0.0,0.0,0.0
0,0,1675816157.6574156,,55.0,0.0,0.0,0.0,0.0
0,0,1675816157.7573247,,55.0,0.0,0.0,0.0,0.0
0,0,1675816157.8573568,,55.0,0.0,0.0,0.0,0.0
0,0,1675816157.957489,,55.0,0.0,0.0,0.0,0.0
0,0,1675816158.057476,,35.0,0.0,0.0,0.0,0.0
0,0,1675816158.1573436,,35.0,0.0,0.0,0.0,0.0
0,0,1675816158.257442,,35.0,0.0,0.0,0.0,0.0
0,0,1675816158.357512,,35.0,0.0,0.0,0.0,0.0
0,0,1675816158.4592793,,35.0,0.0,0.0,0.0,0.0
0,0,1675816158.5574114,,35.0,0.0,0.0,0.0,0.0
0,0,1675816158.6573296,,35.0,0.0,0.0,0.0,0.0
0,0,1675816158.7573576,,35.0,0.0,0.0,0.0,0.0
0,0,1675816158.857343,,35.0,0.0,0.0,0.0,0.0
0,0,1675816158.9574792,,35.0,0.0,0.0,0.0,0.0
0,0,1675816159.0575774,,74.0,0.0,0.0,0.0,0.0
0,0,1675816159.1575017,,74.0,0.0,0.0,0.0,0.0
0,0,1675816159.2574341,,74.0,0.0,0.0,0.0,0.0
0,0,1675816159.3575892,,74.0,0.0,0.0,0.0,0.0
0,0,1675816159.4584403,,74.0,0.0,0.0,0.0,0.0
0,0,1675816159.5575464,,74.0,0.0,0.0,0.0,0.0
0,0,1675816159.6575613,,74.0,0.0,0.0,0.0,0.0
0,0,1675816159.75756,,74.0,0.0,0.0,0.0,0.0
0,0,1675816159.8576066,,74.0,0.0,0.0,0.0,0.0
0,0,1675816159.957353,,74.0,0.0,0.0,0.0,0.0
0,0,1675816160.0575097,,-37.0,0.0,0.0,0.0,0.0
0,0,1675816160.1573806,,-37.0,0.0,0.0,0.0,0.0
0,0,1675816160.257512,,-37.0,0.0,0.0,0.0,0.0
0,0,1675816160.3574986,,-37.0,0.0,0.0,0.0,0.0
